0,2000,0,0,0,0,0,0,18.69,24.38,0.00000,0.00000,0.00,0.00,99.99,
0,2000,0,0,0,0,0,0,18.69,24.38,0.00000,0.00000,0.00,0.00,99.99,
0,2000,0,0,0,0,0,0,18.63,24.31,0.00000,0.00000,0.00,0.00,99.99,
0,2000,0,0,0,0,0,0,18.63,24.31,0.00000,0.00000,0.00,0.00,99.99,
0,2000,0,0,0,0,0,0,18.56,24.31,0.00000,0.00000,0.00,0.00,99.99,
0,2000,0,0,0,0,0,0,18.56,24.25,0.00000,0.00000,0.00,0.00,99.99,
0,2000,0,0,21,3,18,0,18.56,24.25,0.00000,0.00000,0.00,0.00,99.99,
0,2000,0,0,21,3,20,0,18.56,24.25,0.00000,0.00000,0.00,0.00,99.99,
0,2000,0,0,21,3,21,0,18.56,24.25,0.00000,0.00000,0.00,0.00,99.99,
0,2022,4,30,21,3,23,0,18.56,24.19,0.00000,0.00000,0.00,0.00,99.99,
0,2022,4,30,21,3,25,0,18.50,24.19,0.00000,0.00000,0.00,0.00,99.99,
0,2022,4,30,21,3,26,0,18.44,24.19,0.00000,0.00000,0.00,0.00,99.99,
0,2022,4,30,21,3,28,0,18.50,24.19,0.00000,0.00000,0.00,0.00,99.99,
0,2022,4,30,21,3,30,0,18.50,24.13,0.00000,0.00000,0.00,0.00,99.99,
0,2022,4,30,21,3,31,0,18.50,24.13,0.00000,0.00000,0.00,0.00,99.99,
0,2022,4,30,21,3,33,0,18.50,24.13,0.00000,0.00000,0.00,0.00,99.99,
0,2022,4,30,21,3,35,0,18.44,24.06,0.00000,0.00000,0.00,0.00,99.99,
0,2022,4,30,21,3,36,0,18.50,24.06,0.00000,0.00000,0.00,0.00,99.99,
0,2022,4,30,21,3,38,0,18.50,24.06,0.00000,0.00000,0.00,0.00,99.99,
0,2022,4,30,21,3,40,0,18.50,24.00,0.00000,0.00000,0.00,0.00,99.99,
0,2022,4,30,21,3,41,0,18.50,24.06,0.00000,0.00000,0.00,0.00,99.99,
0,2022,4,30,21,3,43,0,18.50,24.06,0.00000,0.00000,0.00,0.00,99.99,
0,2022,4,30,21,3,44,0,18.56,24.00,0.00000,0.00000,0.00,0.00,99.99,
0,2022,4,30,21,3,46,0,18.56,24.00,0.00000,0.00000,0.00,0.00,99.99,
0,2022,4,30,21,3,48,0,18.56,24.00,0.00000,0.00000,0.00,0.00,99.99,
0,2022,4,30,21,3,49,0,18.56,23.94,0.00000,0.00000,0.00,0.00,99.99,
0,2022,4,30,21,3,51,0,18.56,23.88,0.00000,0.00000,0.00,0.00,99.99,
0,2022,4,30,21,3,53,0,18.63,23.88,0.00000,0.00000,0.00,0.00,99.99,
0,2022,4,30,21,3,54,0,18.63,23.88,0.00000,0.00000,0.00,0.00,99.99,
0,2022,4,30,21,3,56,0,18.63,23.88,0.00000,0.00000,0.00,0.00,99.99,
1,2022,4,30,21,3,58,3,18.63,23.81,47.60768,-122.54115,9.56,0.00,7.91,
1,2022,4,30,21,3,59,3,18.56,23.81,47.60765,-122.54108,0.98,2.95,7.92,
1,2022,4,30,21,4,1,3,18.50,23.75,47.60763,-122.54106,0.54,3.28,7.94,
1,2022,4,30,21,4,3,3,18.50,23.81,47.60763,-122.54107,0.84,3.94,7.95,
1,2022,4,30,21,4,4,5,18.50,23.81,47.60777,-122.54073,1.70,246.06,2.94,
1,2022,4,30,21,4,6,5,18.50,23.81,47.60778,-122.54076,0.28,236.22,2.94,
1,2022,4,30,21,4,8,5,18.44,23.75,47.60778,-122.54077,0.16,231.96,2.94,
1,2022,4,30,21,4,10,5,18.38,23.75,47.60777,-122.54077,0.16,229.00,2.94,
1,2022,4,30,21,4,12,5,18.44,23.69,47.60776,-122.54076,0.09,228.35,2.94,
1,2022,4,30,21,4,14,5,18.44,23.75,47.60775,-122.54076,0.47,226.05,2.94,
1,2022,4,30,21,4,16,5,18.38,23.69,47.60775,-122.54076,0.08,223.75,2.94,
1,2022,4,30,21,4,18,5,18.31,23.69,47.60776,-122.54078,0.14,219.82,2.94,
1,2022,4,30,21,4,20,5,18.25,23.63,47.60777,-122.54080,0.53,214.57,2.94,
1,2022,4,30,21,4,22,5,18.19,23.63,47.60777,-122.54082,0.74,208.99,2.94,
1,2022,4,30,21,4,24,5,18.13,23.56,47.60776,-122.54082,0.33,208.99,2.94,
1,2022,4,30,21,4,26,5,18.13,23.56,47.60775,-122.54080,0.23,211.94,2.94,
1,2022,4,30,21,4,28,5,18.13,23.50,47.60776,-122.54081,0.28,208.33,2.94,
1,2022,4,30,21,4,30,5,18.06,23.44,47.60775,-122.54079,0.09,211.94,2.94,
1,2022,4,30,21,4,32,5,18.00,23.38,47.60775,-122.54076,0.55,222.77,2.94,
1,2022,4,30,21,4,34,5,18.00,23.38,47.60774,-122.54074,0.71,226.38,2.94,
1,2022,4,30,21,4,36,5,17.94,23.38,47.60774,-122.54073,0.30,228.67,2.94,
1,2022,4,30,21,4,38,5,17.94,23.31,47.60775,-122.54073,0.58,232.61,2.94,
1,2022,4,30,21,4,40,5,17.88,23.31,47.60776,-122.54073,0.47,232.61,2.94,
1,2022,4,30,21,4,42,5,17.88,23.31,47.60776,-122.54073,0.41,235.56,2.94,
1,2022,4,30,21,4,44,5,17.81,23.25,47.60776,-122.54068,0.43,248.03,2.94,
1,2022,4,30,21,4,46,5,17.81,23.25,47.60776,-122.54068,0.26,250.33,2.94,
1,2022,4,30,21,4,48,5,17.81,23.19,47.60776,-122.54066,0.62,255.25,2.94,
1,2022,4,30,21,4,50,5,17.75,23.25,47.60776,-122.54065,0.31,259.19,10.13,
1,2022,4,30,21,4,52,5,17.75,23.19,47.60775,-122.54063,0.59,264.11,2.94,
1,2022,4,30,21,4,54,5,17.75,23.19,47.60775,-122.54059,0.58,275.92,2.94,
1,2022,4,30,21,4,56,5,17.69,23.13,47.60774,-122.54055,0.51,288.06,2.94,
1,2022,4,30,21,4,58,5,17.75,23.13,47.60773,-122.54051,0.31,298.23,2.94,
1,2022,4,30,21,5,0,5,17.75,23.13,47.60774,-122.54051,0.38,299.87,2.94,
1,2022,4,30,21,5,2,5,17.75,23.06,47.60773,-122.54048,0.41,309.71,2.94,
1,2022,4,30,21,5,4,5,17.75,23.06,47.60773,-122.54046,0.23,316.93,2.94,
1,2022,4,30,21,5,5,5,17.69,23.00,47.60773,-122.54045,0.21,319.23,2.94,
1,2022,4,30,21,5,7,5,17.69,23.00,47.60773,-122.54045,0.21,319.55,2.94,
1,2022,4,30,21,5,9,4,17.69,23.00,47.60772,-122.54045,0.99,321.85,10.55,
1,2022,4,30,21,5,11,5,17.69,23.00,47.60772,-122.54044,0.72,324.48,10.60,
1,2022,4,30,21,5,13,5,17.69,23.00,47.60771,-122.54045,0.68,320.87,2.94,
1,2022,4,30,21,5,15,0,17.63,22.94,47.60771,-122.54045,0.68,320.87,99.99,
1,2022,4,30,21,5,17,5,17.69,22.94,47.60770,-122.54044,0.16,319.88,10.30,
1,2022,4,30,21,5,19,5,17.69,23.00,47.60774,-122.54048,0.97,315.29,2.93,
1,2022,4,30,21,5,21,5,17.69,22.94,47.60778,-122.54050,0.67,312.01,2.93,
1,2022,4,30,21,5,23,5,17.69,22.94,47.60778,-122.54052,0.54,306.10,2.93,
1,2022,4,30,21,5,25,5,17.69,22.94,47.60779,-122.54057,1.35,294.62,2.93,
1,2022,4,30,21,5,27,5,17.63,22.94,47.60779,-122.54058,0.60,289.70,2.93,
1,2022,4,30,21,5,29,5,17.63,22.94,47.60778,-122.54058,0.35,283.79,2.93,
1,2022,4,30,21,5,31,5,17.63,22.94,47.60778,-122.54061,0.81,275.26,2.93,
1,2022,4,30,21,5,33,5,17.63,22.94,47.60774,-122.54063,2.44,237.86,2.93,
1,2022,4,30,21,5,35,5,17.63,22.88,47.60773,-122.54065,1.88,221.46,2.93,
1,2022,4,30,21,5,37,5,17.63,22.88,47.60772,-122.54064,1.86,219.49,2.93,
1,2022,4,30,21,5,38,5,17.63,22.88,47.60772,-122.54065,1.70,216.21,2.93,
1,2022,4,30,21,5,40,5,17.63,22.94,47.60771,-122.54063,2.05,217.85,2.93,
1,2022,4,30,21,5,42,5,17.69,22.88,47.60770,-122.54064,1.60,209.97,2.93,
1,2022,4,30,21,5,44,5,17.69,22.88,47.60771,-122.54064,0.99,209.65,2.93,
1,2022,4,30,21,5,46,5,17.63,22.88,47.60771,-122.54065,0.82,208.01,2.93,
1,2022,4,30,21,5,48,5,17.56,22.88,47.60771,-122.54065,0.91,206.04,2.93,
1,2022,4,30,21,5,50,5,17.56,22.88,47.60772,-122.54066,0.89,207.68,2.93,
1,2022,4,30,21,5,52,5,17.56,22.88,47.60772,-122.54064,1.54,212.27,2.93,
1,2022,4,30,21,5,54,5,17.50,22.81,47.60772,-122.54064,1.22,210.63,2.93,
1,2022,4,30,21,5,56,5,17.50,22.81,47.60772,-122.54064,1.06,214.90,2.93,
1,2022,4,30,21,5,58,5,17.50,22.81,47.60772,-122.54064,0.70,217.19,2.93,
1,2022,4,30,21,6,0,5,17.50,22.81,47.60773,-122.54063,0.43,225.72,2.93,
1,2022,4,30,21,6,2,5,17.56,22.75,47.60773,-122.54063,0.35,230.64,2.93,
1,2022,4,30,21,6,4,5,17.50,22.81,47.60773,-122.54063,0.29,232.28,2.93,
1,2022,4,30,21,6,6,5,17.63,22.75,47.60773,-122.54062,0.29,232.94,2.93,
1,2022,4,30,21,6,8,5,17.63,22.81,47.60774,-122.54063,0.84,233.92,2.93,
1,2022,4,30,21,6,9,5,17.56,22.81,47.60774,-122.54063,0.77,232.61,2.93,
1,2022,4,30,21,6,11,5,17.56,22.75,47.60774,-122.54063,0.25,234.58,2.93,
1,2022,4,30,21,6,13,5,17.56,22.75,47.60774,-122.54063,0.25,235.56,2.93,
1,2022,4,30,21,6,15,5,17.56,22.75,47.60774,-122.54063,0.25,235.56,12.44,
1,2022,4,30,21,6,17,5,17.50,22.75,47.60776,-122.54061,0.16,235.56,12.44,
1,2022,4,30,21,6,18,3,17.56,22.75,47.60776,-122.54062,0.23,258.86,9.21,
1,2022,4,30,21,6,20,0,17.56,22.75,47.60776,-122.54062,0.23,258.86,99.99,
1,2022,4,30,21,6,22,0,17.56,22.69,47.60776,-122.54062,0.23,258.86,99.99,
1,2022,4,30,21,6,24,0,17.56,22.75,47.60776,-122.54062,0.23,258.86,99.99,
1,2022,4,30,21,6,26,0,17.56,22.69,47.60776,-122.54062,0.23,258.86,99.99,
1,2022,4,30,21,6,28,0,17.56,22.69,47.60776,-122.54062,0.23,258.86,99.99,
1,2022,4,30,21,6,30,0,17.50,22.69,47.60776,-122.54062,0.23,258.86,99.99,
1,2022,4,30,21,6,32,0,17.50,22.69,47.60776,-122.54062,0.23,258.86,99.99,
1,2022,4,30,21,6,34,0,17.44,22.63,47.60776,-122.54062,0.23,258.86,99.99,
1,2022,4,30,21,6,36,0,17.38,22.63,47.60776,-122.54062,0.23,258.86,99.99,
1,2022,4,30,21,6,37,0,17.38,22.56,47.60776,-122.54062,0.23,258.86,99.99,
1,2022,4,30,21,6,39,0,17.38,22.56,47.60776,-122.54062,0.23,258.86,99.99,
1,2022,4,30,21,6,41,0,17.31,22.56,47.60776,-122.54062,0.23,258.86,99.99,
1,2022,4,30,21,6,42,0,17.25,22.50,47.60776,-122.54062,0.23,258.86,99.99,
1,2022,4,30,21,6,44,5,17.31,22.50,47.60776,-122.54062,0.23,258.86,56.00,
1,2022,4,30,21,6,46,5,17.31,22.44,47.60776,-122.54062,0.23,258.86,2.65,
1,2022,4,30,21,6,47,5,17.31,22.44,47.60754,-122.54038,3.38,255.58,2.92,
1,2022,4,30,21,6,49,5,17.25,22.50,47.60756,-122.54044,0.16,260.50,2.27,
1,2022,4,30,21,6,51,5,17.25,22.44,47.60758,-122.54044,0.45,263.78,2.27,
1,2022,4,30,21,6,53,5,17.25,22.38,47.60760,-122.54047,0.09,266.40,2.92,
1,2022,4,30,21,6,55,5,17.31,22.38,47.60761,-122.54049,0.06,268.04,2.92,
1,2022,4,30,21,6,57,5,17.25,22.38,47.60762,-122.54050,0.03,268.70,2.92,
1,2022,4,30,21,6,59,5,17.25,22.31,47.60762,-122.54050,0.24,269.03,2.92,
1,2022,4,30,21,7,1,5,17.25,22.25,47.60763,-122.54051,0.17,268.70,2.92,
1,2022,4,30,21,7,3,5,17.25,22.19,47.60764,-122.54053,0.08,268.04,2.92,
1,2022,4,30,21,7,5,5,17.31,22.19,47.60765,-122.54053,0.18,267.72,2.92,
1,2022,4,30,21,7,7,5,17.31,22.13,47.60767,-122.54055,0.28,267.39,2.92,
1,2022,4,30,21,7,9,5,17.31,22.13,47.60767,-122.54057,0.09,267.06,2.92,
1,2022,4,30,21,7,11,5,17.31,22.06,47.60769,-122.54058,0.32,266.73,2.92,
1,2022,4,30,21,7,13,5,17.31,22.00,47.60769,-122.54059,0.09,266.08,2.92,
1,2022,4,30,21,7,15,5,17.38,22.00,47.60770,-122.54060,0.23,265.42,2.92,
1,2022,4,30,21,7,17,5,17.38,21.94,47.60770,-122.54061,0.16,265.09,2.92,
1,2022,4,30,21,7,19,3,17.38,21.88,47.60770,-122.54061,0.07,264.76,9.91,
1,2022,4,30,21,7,21,0,17.50,21.94,47.60770,-122.54061,0.07,264.76,99.99,
1,2022,4,30,21,7,23,0,17.44,21.88,47.60770,-122.54061,0.07,264.76,99.99,
1,2022,4,30,21,7,25,0,17.44,21.88,47.60770,-122.54061,0.07,264.76,99.99,
1,2022,4,30,21,7,27,0,17.38,21.81,47.60770,-122.54061,0.07,264.76,99.99,
1,2022,4,30,21,7,29,0,17.38,21.81,47.60770,-122.54061,0.07,264.76,99.99,
1,2022,4,30,21,7,31,0,17.38,21.88,47.60770,-122.54061,0.07,264.76,99.99,
1,2022,4,30,21,7,33,0,17.38,21.81,47.60770,-122.54061,0.07,264.76,99.99,
1,2022,4,30,21,7,35,0,17.44,21.75,47.60770,-122.54061,0.07,264.76,99.99,
1,2022,4,30,21,7,37,0,17.44,21.81,47.60770,-122.54061,0.07,264.76,99.99,
1,2022,4,30,21,7,39,0,17.38,21.75,47.60770,-122.54061,0.07,264.76,99.99,
1,2022,4,30,21,7,41,0,17.38,21.81,47.60770,-122.54061,0.07,264.76,99.99,
1,2022,4,30,21,7,42,0,17.38,21.75,47.60770,-122.54061,0.07,264.76,99.99,
1,2022,4,30,21,7,44,0,17.38,21.81,47.60770,-122.54061,0.07,264.76,99.99,
1,2022,4,30,21,7,46,0,17.31,21.75,47.60770,-122.54061,0.07,264.76,99.99,
1,2022,4,30,21,7,48,0,17.31,21.69,47.60770,-122.54061,0.07,264.76,99.99,
1,2022,4,30,21,7,50,0,17.31,21.75,47.60770,-122.54061,0.07,264.76,99.99,
1,2022,4,30,21,7,52,0,17.31,21.75,47.60770,-122.54061,0.07,264.76,99.99,
1,2022,4,30,21,7,54,0,17.31,21.75,47.60770,-122.54061,0.07,264.76,99.99,
1,2022,4,30,21,7,56,0,17.31,21.69,47.60770,-122.54061,0.07,264.76,99.99,
1,2022,4,30,21,7,58,0,17.31,21.69,47.60770,-122.54061,0.07,264.76,99.99,
1,2022,4,30,21,8,0,0,17.31,21.69,47.60770,-122.54061,0.07,264.76,99.99,
1,2022,4,30,21,8,2,0,17.38,21.69,47.60770,-122.54061,0.07,264.76,99.99,
1,2022,4,30,21,8,4,0,17.38,21.69,47.60770,-122.54061,0.07,264.76,99.99,
1,2022,4,30,21,8,6,0,17.38,21.63,47.60770,-122.54061,0.07,264.76,99.99,
1,2022,4,30,21,8,8,0,17.38,21.63,47.60770,-122.54061,0.07,264.76,99.99,
1,2022,4,30,21,8,10,0,17.31,21.63,47.60770,-122.54061,0.07,264.76,99.99,
1,2022,4,30,21,8,12,0,17.31,21.63,47.60770,-122.54061,0.07,264.76,99.99,
1,2022,4,30,21,8,14,0,17.31,21.56,47.60770,-122.54061,0.07,264.76,99.99,
1,2022,4,30,21,8,16,0,17.31,21.63,47.60770,-122.54061,0.07,264.76,99.99,
1,2022,4,30,21,8,18,0,17.31,21.56,47.60770,-122.54061,0.07,264.76,99.99,
1,2022,4,30,21,8,20,0,17.31,21.56,47.60770,-122.54061,0.07,264.76,99.99,
1,2022,4,30,21,8,22,0,17.31,21.56,47.60770,-122.54061,0.07,264.76,99.99,
1,2022,4,30,21,8,24,0,17.31,21.50,47.60770,-122.54061,0.07,264.76,99.99,
1,2022,4,30,21,8,26,0,17.31,21.50,47.60770,-122.54061,0.07,264.76,99.99,
1,2022,4,30,21,8,28,0,17.31,21.50,47.60770,-122.54061,0.07,264.76,99.99,
1,2022,4,30,21,8,30,0,17.31,21.50,47.60770,-122.54061,0.07,264.76,99.99,
1,2022,4,30,21,8,32,0,17.31,21.50,47.60770,-122.54061,0.07,264.76,99.99,
1,2022,4,30,21,8,34,0,17.25,21.50,47.60770,-122.54061,0.07,264.76,99.99,
1,2022,4,30,21,8,35,4,17.31,21.56,47.60770,-122.54061,0.07,264.76,3.14,
1,2022,4,30,21,8,37,4,17.31,21.50,47.60770,-122.54061,0.07,264.76,3.13,
1,2022,4,30,21,8,38,5,17.31,21.50,47.60788,-122.54077,1.42,323.82,3.13,
1,2022,4,30,21,8,40,4,17.38,21.50,47.60786,-122.54077,0.47,316.60,3.13,
1,2022,4,30,21,8,39,4,17.38,21.50,47.60785,-122.54076,0.86,315.94,3.13,
1,2022,4,30,21,8,41,5,17.44,21.44,47.60782,-122.54076,0.18,298.56,2.90,
1,2022,4,30,21,8,43,5,17.38,21.44,47.60781,-122.54076,0.07,289.04,2.90,
1,2022,4,30,21,8,45,5,17.44,21.44,47.60780,-122.54076,0.03,282.15,2.27,
1,2022,4,30,21,8,47,0,17.38,21.50,47.60780,-122.54076,0.03,282.15,99.99,
1,2022,4,30,21,8,49,0,17.44,21.50,47.60780,-122.54076,0.03,282.15,99.99,
1,2022,4,30,21,8,51,0,17.38,21.44,47.60780,-122.54076,0.03,282.15,99.99,
1,2022,4,30,21,8,52,0,17.44,21.44,47.60780,-122.54076,0.03,282.15,99.99,
1,2022,4,30,21,8,54,0,17.38,21.44,47.60780,-122.54076,0.03,282.15,99.99,
1,2022,4,30,21,8,56,0,17.38,21.44,47.60780,-122.54076,0.03,282.15,99.99,
1,2022,4,30,21,8,58,0,17.38,21.38,47.60780,-122.54076,0.03,282.15,99.99,
1,2022,4,30,21,9,0,0,17.38,21.38,47.60780,-122.54076,0.03,282.15,99.99,
1,2022,4,30,21,9,2,0,17.38,21.44,47.60780,-122.54076,0.03,282.15,99.99,
1,2022,4,30,21,9,4,0,17.31,21.38,47.60780,-122.54076,0.03,282.15,99.99,
1,2022,4,30,21,9,6,0,17.38,21.38,47.60780,-122.54076,0.03,282.15,99.99,
1,2022,4,30,21,9,8,0,17.31,21.38,47.60780,-122.54076,0.03,282.15,99.99,
1,2022,4,30,21,9,10,0,17.31,21.38,47.60780,-122.54076,0.03,282.15,99.99,
1,2022,4,30,21,9,12,0,17.31,21.38,47.60780,-122.54076,0.03,282.15,99.99,
1,2022,4,30,21,9,14,0,17.31,21.38,47.60780,-122.54076,0.03,282.15,99.99,
1,2022,4,30,21,9,16,0,17.38,21.31,47.60780,-122.54076,0.03,282.15,99.99,
1,2022,4,30,21,9,18,0,17.38,21.31,47.60780,-122.54076,0.03,282.15,99.99,
1,2022,4,30,21,9,20,0,17.38,21.31,47.60780,-122.54076,0.03,282.15,99.99,
1,2022,4,30,21,9,22,0,17.38,21.31,47.60780,-122.54076,0.03,282.15,99.99,
1,2022,4,30,21,9,24,0,17.38,21.31,47.60780,-122.54076,0.03,282.15,99.99,
1,2022,4,30,21,9,26,0,17.44,21.31,47.60780,-122.54076,0.03,282.15,99.99,
1,2022,4,30,21,9,28,0,17.44,21.31,47.60780,-122.54076,0.03,282.15,99.99,
1,2022,4,30,21,9,30,0,17.44,21.31,47.60780,-122.54076,0.03,282.15,99.99,
1,2022,4,30,21,9,32,0,17.44,21.25,47.60780,-122.54076,0.03,282.15,99.99,
1,2022,4,30,21,9,34,0,17.44,21.19,47.60780,-122.54076,0.03,282.15,99.99,
1,2022,4,30,21,9,36,0,17.44,21.25,47.60780,-122.54076,0.03,282.15,99.99,
1,2022,4,30,21,9,38,0,17.50,21.25,47.60780,-122.54076,0.03,282.15,99.99,
1,2022,4,30,21,9,40,0,17.50,21.25,47.60780,-122.54076,0.03,282.15,99.99,
1,2022,4,30,21,9,42,0,17.44,21.25,47.60780,-122.54076,0.03,282.15,99.99,
1,2022,4,30,21,9,44,0,17.44,21.19,47.60780,-122.54076,0.03,282.15,99.99,
1,2022,4,30,21,9,46,0,17.44,21.19,47.60780,-122.54076,0.03,282.15,99.99,
1,2022,4,30,21,9,48,0,17.44,21.25,47.60780,-122.54076,0.03,282.15,99.99,
1,2022,4,30,21,9,50,0,17.38,21.19,47.60780,-122.54076,0.03,282.15,99.99,
1,2022,4,30,21,9,52,0,17.44,21.25,47.60780,-122.54076,0.03,282.15,99.99,
1,2022,4,30,21,9,54,0,17.44,21.25,47.60780,-122.54076,0.03,282.15,99.99,
1,2022,4,30,21,9,56,0,17.44,21.19,47.60780,-122.54076,0.03,282.15,99.99,
1,2022,4,30,21,9,58,0,17.44,21.19,47.60780,-122.54076,0.03,282.15,99.99,
1,2022,4,30,21,10,0,0,17.38,21.19,47.60780,-122.54076,0.03,282.15,99.99,
1,2022,4,30,21,10,2,0,17.44,21.25,47.60780,-122.54076,0.03,282.15,99.99,
1,2022,4,30,21,10,4,0,17.44,21.19,47.60780,-122.54076,0.03,282.15,99.99,
1,2022,4,30,21,10,6,0,17.44,21.19,47.60780,-122.54076,0.03,282.15,99.99,
1,2022,4,30,21,10,8,0,17.44,21.19,47.60780,-122.54076,0.03,282.15,99.99,
1,2022,4,30,21,10,10,0,17.44,21.25,47.60780,-122.54076,0.03,282.15,99.99,
1,2022,4,30,21,10,12,0,17.38,21.25,47.60780,-122.54076,0.03,282.15,99.99,
1,2022,4,30,21,10,14,0,17.44,21.25,47.60780,-122.54076,0.03,282.15,99.99,
1,2022,4,30,21,10,16,0,17.44,21.25,47.60780,-122.54076,0.03,282.15,99.99,
1,2022,4,30,21,10,18,0,17.44,21.19,47.60780,-122.54076,0.03,282.15,99.99,
1,2022,4,30,21,10,20,0,17.44,21.19,47.60780,-122.54076,0.03,282.15,99.99,
1,2022,4,30,21,10,22,0,17.44,21.19,47.60780,-122.54076,0.03,282.15,99.99,
1,2022,4,30,21,10,24,0,17.50,21.25,47.60780,-122.54076,0.03,282.15,99.99,
1,2022,4,30,21,10,26,0,17.50,21.25,47.60780,-122.54076,0.03,282.15,99.99,
1,2022,4,30,21,10,28,0,17.50,21.19,47.60780,-122.54076,0.03,282.15,99.99,
1,2022,4,30,21,10,30,0,17.50,21.19,47.60780,-122.54076,0.03,282.15,99.99,
1,2022,4,30,21,10,32,0,17.50,21.19,47.60780,-122.54076,0.03,282.15,99.99,
1,2022,4,30,21,10,34,0,17.56,21.13,47.60780,-122.54076,0.03,282.15,99.99,
1,2022,4,30,21,10,36,0,17.56,21.19,47.60780,-122.54076,0.03,282.15,99.99,
1,2022,4,30,21,10,38,0,17.50,21.19,47.60780,-122.54076,0.03,282.15,99.99,
1,2022,4,30,21,10,40,0,17.50,21.19,47.60780,-122.54076,0.03,282.15,99.99,
1,2022,4,30,21,10,42,0,17.56,21.13,47.60780,-122.54076,0.03,282.15,99.99,
1,2022,4,30,21,10,44,0,17.56,21.13,47.60780,-122.54076,0.03,282.15,99.99,
1,2022,4,30,21,10,46,0,17.56,21.13,47.60780,-122.54076,0.03,282.15,99.99,
1,2022,4,30,21,10,48,0,17.63,21.06,47.60780,-122.54076,0.03,282.15,99.99,
1,2022,4,30,21,10,50,0,17.56,21.06,47.60780,-122.54076,0.03,282.15,99.99,
1,2022,4,30,21,10,52,0,17.56,21.06,47.60780,-122.54076,0.03,282.15,99.99,
1,2022,4,30,21,10,54,0,17.50,21.06,47.60780,-122.54076,0.03,282.15,99.99,
1,2022,4,30,21,10,56,0,17.50,21.00,47.60780,-122.54076,0.03,282.15,99.99,
1,2022,4,30,21,10,58,0,17.50,21.06,47.60780,-122.54076,0.03,282.15,99.99,
1,2022,4,30,21,11,0,0,17.44,21.06,47.60780,-122.54076,0.03,282.15,99.99,
1,2022,4,30,21,11,2,0,17.44,21.00,47.60780,-122.54076,0.03,282.15,99.99,
1,2022,4,30,21,11,4,0,17.50,21.00,47.60780,-122.54076,0.03,282.15,99.99,
1,2022,4,30,21,11,6,0,17.44,21.06,47.60780,-122.54076,0.03,282.15,99.99,
1,2022,4,30,21,11,8,0,17.44,21.00,47.60780,-122.54076,0.03,282.15,99.99,
1,2022,4,30,21,11,10,0,17.44,21.00,47.60780,-122.54076,0.03,282.15,99.99,
1,2022,4,30,21,11,12,0,17.50,21.00,47.60780,-122.54076,0.03,282.15,99.99,
1,2022,4,30,21,11,14,0,17.50,21.00,47.60780,-122.54076,0.03,282.15,99.99,
1,2022,4,30,21,11,16,0,17.50,21.00,47.60780,-122.54076,0.03,282.15,99.99,
1,2022,4,30,21,11,18,0,17.50,21.00,47.60780,-122.54076,0.03,282.15,99.99,
1,2022,4,30,21,11,20,0,17.44,21.00,47.60780,-122.54076,0.03,282.15,99.99,
1,2022,4,30,21,11,22,0,17.44,20.94,47.60780,-122.54076,0.03,282.15,99.99,
1,2022,4,30,21,11,24,0,17.50,20.94,47.60780,-122.54076,0.03,282.15,99.99,
1,2022,4,30,21,11,26,0,17.50,20.94,47.60780,-122.54076,0.03,282.15,99.99,
1,2022,4,30,21,11,28,0,17.44,21.00,47.60780,-122.54076,0.03,282.15,99.99,
1,2022,4,30,21,11,30,0,17.44,20.94,47.60780,-122.54076,0.03,282.15,99.99,
1,2022,4,30,21,11,32,0,17.44,20.94,47.60780,-122.54076,0.03,282.15,99.99,
1,2022,4,30,21,11,34,0,17.50,20.94,47.60780,-122.54076,0.03,282.15,99.99,
1,2022,4,30,21,11,36,0,17.44,20.94,47.60780,-122.54076,0.03,282.15,99.99,
1,2022,4,30,21,11,38,0,17.50,20.88,47.60780,-122.54076,0.03,282.15,99.99,
1,2022,4,30,21,11,40,0,17.50,20.88,47.60780,-122.54076,0.03,282.15,99.99,
1,2022,4,30,21,11,42,0,17.56,20.94,47.60780,-122.54076,0.03,282.15,99.99,
1,2022,4,30,21,11,44,0,17.50,20.94,47.60780,-122.54076,0.03,282.15,99.99,
1,2022,4,30,21,11,46,0,17.50,20.88,47.60780,-122.54076,0.03,282.15,99.99,
1,2022,4,30,21,11,48,0,17.56,20.88,47.60780,-122.54076,0.03,282.15,99.99,
1,2022,4,30,21,11,50,0,17.50,20.88,47.60780,-122.54076,0.03,282.15,99.99,
1,2022,4,30,21,11,52,0,17.56,20.88,47.60780,-122.54076,0.03,282.15,99.99,
1,2022,4,30,21,11,54,0,17.56,20.81,47.60780,-122.54076,0.03,282.15,99.99,
1,2022,4,30,21,11,56,0,17.50,20.81,47.60780,-122.54076,0.03,282.15,99.99,
1,2022,4,30,21,11,58,0,17.56,20.81,47.60780,-122.54076,0.03,282.15,99.99,
1,2022,4,30,21,12,0,0,17.50,20.81,47.60780,-122.54076,0.03,282.15,99.99,
1,2022,4,30,21,12,2,0,17.50,20.81,47.60780,-122.54076,0.03,282.15,99.99,
1,2022,4,30,21,12,4,0,17.44,20.88,47.60780,-122.54076,0.03,282.15,99.99,
1,2022,4,30,21,12,6,0,17.38,20.81,47.60780,-122.54076,0.03,282.15,99.99,
1,2022,4,30,21,12,8,0,17.31,20.81,47.60780,-122.54076,0.03,282.15,99.99,
1,2022,4,30,21,12,10,0,17.31,20.81,47.60780,-122.54076,0.03,282.15,99.99,
1,2022,4,30,21,12,12,0,17.31,20.81,47.60780,-122.54076,0.03,282.15,99.99,
1,2022,4,30,21,12,14,0,17.31,20.75,47.60780,-122.54076,0.03,282.15,99.99,
1,2022,4,30,21,12,16,0,17.19,20.75,47.60780,-122.54076,0.03,282.15,99.99,
1,2022,4,30,21,12,18,0,17.13,20.69,47.60780,-122.54076,0.03,282.15,99.99,
1,2022,4,30,21,12,20,0,17.13,20.69,47.60780,-122.54076,0.03,282.15,99.99,
1,2022,4,30,21,12,22,0,17.13,20.69,47.60780,-122.54076,0.03,282.15,99.99,
1,2022,4,30,21,12,24,0,17.06,20.69,47.60780,-122.54076,0.03,282.15,99.99,
1,2022,4,30,21,12,26,0,17.13,20.69,47.60780,-122.54076,0.03,282.15,99.99,
1,2022,4,30,21,12,28,0,17.06,20.63,47.60780,-122.54076,0.03,282.15,99.99,
1,2022,4,30,21,12,30,0,17.06,20.63,47.60780,-122.54076,0.03,282.15,99.99,
1,2022,4,30,21,12,32,0,17.13,20.56,47.60780,-122.54076,0.03,282.15,99.99,
1,2022,4,30,21,12,34,0,17.06,20.56,47.60780,-122.54076,0.03,282.15,99.99,
1,2022,4,30,21,12,36,0,17.13,20.56,47.60780,-122.54076,0.03,282.15,99.99,
1,2022,4,30,21,12,38,0,17.13,20.56,47.60780,-122.54076,0.03,282.15,99.99,
1,2022,4,30,21,12,40,0,17.13,20.50,47.60780,-122.54076,0.03,282.15,99.99,
1,2022,4,30,21,12,42,0,17.13,20.44,47.60780,-122.54076,0.03,282.15,99.99,
1,2022,4,30,21,12,44,0,17.13,20.44,47.60780,-122.54076,0.03,282.15,99.99,
1,2022,4,30,21,12,46,0,17.19,20.44,47.60780,-122.54076,0.03,282.15,99.99,
1,2022,4,30,21,12,48,0,17.13,20.38,47.60780,-122.54076,0.03,282.15,99.99,
1,2022,4,30,21,12,50,0,17.13,20.38,47.60780,-122.54076,0.03,282.15,99.99,
1,2022,4,30,21,12,52,0,17.19,20.31,47.60780,-122.54076,0.03,282.15,99.99,
1,2022,4,30,21,12,54,0,17.19,20.31,47.60780,-122.54076,0.03,282.15,99.99,
1,2022,4,30,21,12,56,0,17.19,20.31,47.60780,-122.54076,0.03,282.15,99.99,
1,2022,4,30,21,12,58,0,17.19,20.25,47.60780,-122.54076,0.03,282.15,99.99,
1,2022,4,30,21,13,0,0,17.19,20.25,47.60780,-122.54076,0.03,282.15,99.99,
1,2022,4,30,21,13,2,0,17.19,20.25,47.60780,-122.54076,0.03,282.15,99.99,
1,2022,4,30,21,13,4,0,17.13,20.25,47.60780,-122.54076,0.03,282.15,99.99,
1,2022,4,30,21,13,6,0,17.19,20.19,47.60780,-122.54076,0.03,282.15,99.99,
1,2022,4,30,21,13,8,0,17.13,20.13,47.60780,-122.54076,0.03,282.15,99.99,
1,2022,4,30,21,13,10,0,17.19,20.13,47.60780,-122.54076,0.03,282.15,99.99,
1,2022,4,30,21,13,12,0,17.19,20.13,47.60780,-122.54076,0.03,282.15,99.99,
1,2022,4,30,21,13,14,0,17.19,20.13,47.60780,-122.54076,0.03,282.15,99.99,
1,2022,4,30,21,13,16,0,17.19,20.13,47.60780,-122.54076,0.03,282.15,99.99,
1,2022,4,30,21,13,18,0,17.19,20.19,47.60780,-122.54076,0.03,282.15,99.99,
1,2022,4,30,21,13,20,0,17.25,20.13,47.60780,-122.54076,0.03,282.15,99.99,
1,2022,4,30,21,13,22,0,17.19,20.13,47.60780,-122.54076,0.03,282.15,99.99,
1,2022,4,30,21,13,24,0,17.25,20.13,47.60780,-122.54076,0.03,282.15,99.99,
1,2022,4,30,21,13,26,0,17.25,20.13,47.60780,-122.54076,0.03,282.15,99.99,
1,2022,4,30,21,13,28,0,17.25,20.13,47.60780,-122.54076,0.03,282.15,99.99,
1,2022,4,30,21,13,30,0,17.31,20.13,47.60780,-122.54076,0.03,282.15,99.99,
1,2022,4,30,21,13,32,0,17.31,20.13,47.60780,-122.54076,0.03,282.15,99.99,
1,2022,4,30,21,13,34,0,17.31,20.13,47.60780,-122.54076,0.03,282.15,99.99,
1,2022,4,30,21,13,36,0,17.31,20.13,47.60780,-122.54076,0.03,282.15,99.99,
1,2022,4,30,21,13,38,0,17.38,20.06,47.60780,-122.54076,0.03,282.15,99.99,
1,2022,4,30,21,13,40,0,17.38,20.06,47.60780,-122.54076,0.03,282.15,99.99,
1,2022,4,30,21,13,42,0,17.38,20.06,47.60780,-122.54076,0.03,282.15,99.99,
1,2022,4,30,21,13,44,0,17.38,20.06,47.60780,-122.54076,0.03,282.15,99.99,
1,2022,4,30,21,13,46,0,17.44,20.06,47.60780,-122.54076,0.03,282.15,99.99,
1,2022,4,30,21,13,48,0,17.31,20.00,47.60780,-122.54076,0.03,282.15,99.99,
1,2022,4,30,21,13,50,0,17.38,20.06,47.60780,-122.54076,0.03,282.15,99.99,
1,2022,4,30,21,13,52,0,17.31,20.06,47.60780,-122.54076,0.03,282.15,99.99,
1,2022,4,30,21,13,54,0,17.31,20.00,47.60780,-122.54076,0.03,282.15,99.99,
1,2022,4,30,21,13,56,0,17.25,20.06,47.60780,-122.54076,0.03,282.15,99.99,
1,2022,4,30,21,13,58,0,17.25,20.06,47.60780,-122.54076,0.03,282.15,99.99,
1,2022,4,30,21,14,0,0,17.25,20.06,47.60780,-122.54076,0.03,282.15,99.99,
1,2022,4,30,21,14,2,0,17.25,20.06,47.60780,-122.54076,0.03,282.15,99.99,
1,2022,4,30,21,14,4,0,17.25,20.00,47.60780,-122.54076,0.03,282.15,99.99,
1,2022,4,30,21,14,6,0,17.31,20.06,47.60780,-122.54076,0.03,282.15,99.99,
1,2022,4,30,21,14,8,0,17.31,20.00,47.60780,-122.54076,0.03,282.15,99.99,
1,2022,4,30,21,14,10,0,17.31,20.06,47.60780,-122.54076,0.03,282.15,99.99,
1,2022,4,30,21,14,12,0,17.31,20.06,47.60780,-122.54076,0.03,282.15,99.99,
1,2022,4,30,21,14,14,0,17.25,20.06,47.60780,-122.54076,0.03,282.15,99.99,
1,2022,4,30,21,14,16,0,17.25,20.06,47.60780,-122.54076,0.03,282.15,99.99,
1,2022,4,30,21,14,18,0,17.31,20.00,47.60780,-122.54076,0.03,282.15,99.99,
1,2022,4,30,21,14,20,0,17.31,20.06,47.60780,-122.54076,0.03,282.15,99.99,
1,2022,4,30,21,14,22,0,17.31,20.06,47.60780,-122.54076,0.03,282.15,99.99,
1,2022,4,30,21,14,24,0,17.25,20.06,47.60780,-122.54076,0.03,282.15,99.99,
1,2022,4,30,21,14,26,0,17.25,20.00,47.60780,-122.54076,0.03,282.15,99.99,
1,2022,4,30,21,14,28,0,17.25,20.00,47.60780,-122.54076,0.03,282.15,99.99,
1,2022,4,30,21,14,30,0,17.19,20.00,47.60780,-122.54076,0.03,282.15,99.99,
1,2022,4,30,21,14,32,0,17.19,20.00,47.60780,-122.54076,0.03,282.15,99.99,
1,2022,4,30,21,14,34,0,17.25,20.00,47.60780,-122.54076,0.03,282.15,99.99,
1,2022,4,30,21,14,36,0,17.19,20.00,47.60780,-122.54076,0.03,282.15,99.99,
1,2022,4,30,21,14,38,0,17.19,20.00,47.60780,-122.54076,0.03,282.15,99.99,
1,2022,4,30,21,14,40,0,17.25,20.00,47.60780,-122.54076,0.03,282.15,99.99,
1,2022,4,30,21,14,42,0,17.19,20.00,47.60780,-122.54076,0.03,282.15,99.99,
1,2022,4,30,21,14,44,0,17.25,20.00,47.60780,-122.54076,0.03,282.15,99.99,
1,2022,4,30,21,14,46,0,17.19,20.00,47.60780,-122.54076,0.03,282.15,99.99,
1,2022,4,30,21,14,48,0,17.19,20.00,47.60780,-122.54076,0.03,282.15,99.99,
1,2022,4,30,21,14,50,0,17.25,20.00,47.60780,-122.54076,0.03,282.15,99.99,
1,2022,4,30,21,14,52,0,17.25,19.94,47.60780,-122.54076,0.03,282.15,99.99,
1,2022,4,30,21,14,54,0,17.25,20.00,47.60780,-122.54076,0.03,282.15,99.99,
1,2022,4,30,21,14,56,0,17.25,19.94,47.60780,-122.54076,0.03,282.15,99.99,
1,2022,4,30,21,14,58,0,17.25,19.94,47.60780,-122.54076,0.03,282.15,99.99,
1,2022,4,30,21,15,0,0,17.19,19.88,47.60780,-122.54076,0.03,282.15,99.99,
1,2022,4,30,21,15,2,0,17.25,19.88,47.60780,-122.54076,0.03,282.15,99.99,
1,2022,4,30,21,15,4,0,17.19,19.94,47.60780,-122.54076,0.03,282.15,99.99,
1,2022,4,30,21,15,6,0,17.19,19.94,47.60780,-122.54076,0.03,282.15,99.99,
1,2022,4,30,21,15,8,0,17.13,19.88,47.60780,-122.54076,0.03,282.15,99.99,
1,2022,4,30,21,15,10,0,17.13,19.81,47.60780,-122.54076,0.03,282.15,99.99,
1,2022,4,30,21,15,12,0,17.13,19.81,47.60780,-122.54076,0.03,282.15,99.99,
1,2022,4,30,21,15,13,0,17.13,19.81,47.60780,-122.54076,0.03,282.15,99.99,
1,2022,4,30,21,15,15,0,17.06,19.75,47.60780,-122.54076,0.03,282.15,99.99,
1,2022,4,30,21,15,17,0,17.13,19.81,47.60780,-122.54076,0.03,282.15,99.99,
1,2022,4,30,21,15,19,0,17.13,19.81,47.60780,-122.54076,0.03,282.15,99.99,
1,2022,4,30,21,15,20,0,17.13,19.81,47.60780,-122.54076,0.03,282.15,99.99,
1,2022,4,30,21,15,22,0,17.13,19.81,47.60780,-122.54076,0.03,282.15,99.99,
1,2022,4,30,21,15,24,0,17.13,19.75,47.60780,-122.54076,0.03,282.15,99.99,
1,2022,4,30,21,15,26,0,17.13,19.75,47.60780,-122.54076,0.03,282.15,99.99,
1,2022,4,30,21,15,28,0,17.13,19.75,47.60780,-122.54076,0.03,282.15,99.99,
1,2022,4,30,21,15,30,0,17.13,19.75,47.60780,-122.54076,0.03,282.15,99.99,
1,2022,4,30,21,15,32,0,17.06,19.81,47.60780,-122.54076,0.03,282.15,99.99,
1,2022,4,30,21,15,34,0,17.13,19.75,47.60780,-122.54076,0.03,282.15,99.99,
1,2022,4,30,21,15,36,0,17.19,19.75,47.60780,-122.54076,0.03,282.15,99.99,
1,2022,4,30,21,15,38,0,17.13,19.81,47.60780,-122.54076,0.03,282.15,99.99,
1,2022,4,30,21,15,40,0,17.13,19.75,47.60780,-122.54076,0.03,282.15,99.99,
1,2022,4,30,21,15,42,0,17.13,19.81,47.60780,-122.54076,0.03,282.15,99.99,
1,2022,4,30,21,15,44,0,17.19,19.75,47.60780,-122.54076,0.03,282.15,99.99,
1,2022,4,30,21,15,46,0,17.13,19.75,47.60780,-122.54076,0.03,282.15,99.99,
1,2022,4,30,21,15,48,0,17.13,19.81,47.60780,-122.54076,0.03,282.15,99.99,
1,2022,4,30,21,15,50,0,17.19,19.81,47.60780,-122.54076,0.03,282.15,99.99,
1,2022,4,30,21,15,52,0,17.13,19.75,47.60780,-122.54076,0.03,282.15,99.99,
1,2022,4,30,21,15,54,0,17.13,19.81,47.60780,-122.54076,0.03,282.15,99.99,
1,2022,4,30,21,15,56,0,17.13,19.81,47.60780,-122.54076,0.03,282.15,99.99,
1,2022,4,30,21,15,58,0,17.06,19.75,47.60780,-122.54076,0.03,282.15,99.99,
1,2022,4,30,21,16,0,0,17.06,19.81,47.60780,-122.54076,0.03,282.15,99.99,
1,2022,4,30,21,16,2,0,17.06,19.75,47.60780,-122.54076,0.03,282.15,99.99,
1,2022,4,30,21,16,4,0,17.00,19.69,47.60780,-122.54076,0.03,282.15,99.99,
1,2022,4,30,21,16,6,0,16.88,19.69,47.60780,-122.54076,0.03,282.15,99.99,
1,2022,4,30,21,16,8,0,16.88,19.69,47.60780,-122.54076,0.03,282.15,99.99,
1,2022,4,30,21,16,10,0,16.88,19.63,47.60780,-122.54076,0.03,282.15,99.99,
1,2022,4,30,21,16,12,0,16.81,19.69,47.60780,-122.54076,0.03,282.15,99.99,
1,2022,4,30,21,16,14,0,16.81,19.69,47.60780,-122.54076,0.03,282.15,99.99,
1,2022,4,30,21,16,16,0,16.69,19.63,47.60780,-122.54076,0.03,282.15,99.99,
1,2022,4,30,21,16,18,0,16.69,19.63,47.60780,-122.54076,0.03,282.15,99.99,
1,2022,4,30,21,16,20,0,16.63,19.63,47.60780,-122.54076,0.03,282.15,99.99,
1,2022,4,30,21,16,22,0,16.63,19.63,47.60780,-122.54076,0.03,282.15,99.99,
1,2022,4,30,21,16,24,0,16.56,19.56,47.60780,-122.54076,0.03,282.15,99.99,
1,2022,4,30,21,16,26,0,16.50,19.63,47.60780,-122.54076,0.03,282.15,99.99,
1,2022,4,30,21,16,28,0,16.56,19.63,47.60780,-122.54076,0.03,282.15,99.99,
1,2022,4,30,21,16,30,0,16.50,19.63,47.60780,-122.54076,0.03,282.15,99.99,
1,2022,4,30,21,16,32,0,16.50,19.56,47.60780,-122.54076,0.03,282.15,99.99,
1,2022,4,30,21,16,34,0,16.50,19.56,47.60780,-122.54076,0.03,282.15,99.99,
1,2022,4,30,21,16,36,0,16.50,19.56,47.60780,-122.54076,0.03,282.15,99.99,
1,2022,4,30,21,16,38,0,16.50,19.63,47.60780,-122.54076,0.03,282.15,99.99,
1,2022,4,30,21,16,40,0,16.44,19.56,47.60780,-122.54076,0.03,282.15,99.99,
1,2022,4,30,21,16,42,0,16.44,19.56,47.60780,-122.54076,0.03,282.15,99.99,
1,2022,4,30,21,16,44,0,16.50,19.56,47.60780,-122.54076,0.03,282.15,99.99,
1,2022,4,30,21,16,46,0,16.50,19.56,47.60780,-122.54076,0.03,282.15,99.99,
1,2022,4,30,21,16,48,0,16.44,19.63,47.60780,-122.54076,0.03,282.15,99.99,
1,2022,4,30,21,16,50,0,16.50,19.63,47.60780,-122.54076,0.03,282.15,99.99,
1,2022,4,30,21,16,52,0,16.50,19.63,47.60780,-122.54076,0.03,282.15,99.99,
1,2022,4,30,21,16,54,0,16.56,19.63,47.60780,-122.54076,0.03,282.15,99.99,
1,2022,4,30,21,16,56,0,16.44,19.63,47.60780,-122.54076,0.03,282.15,99.99,
1,2022,4,30,21,16,58,0,16.50,19.63,47.60780,-122.54076,0.03,282.15,99.99,
1,2022,4,30,21,17,0,0,16.50,19.63,47.60780,-122.54076,0.03,282.15,99.99,
1,2022,4,30,21,17,2,0,16.56,19.63,47.60780,-122.54076,0.03,282.15,99.99,
1,2022,4,30,21,17,4,0,16.56,19.63,47.60780,-122.54076,0.03,282.15,99.99,
1,2022,4,30,21,17,6,0,16.50,19.63,47.60780,-122.54076,0.03,282.15,99.99,
1,2022,4,30,21,17,8,0,16.44,19.56,47.60780,-122.54076,0.03,282.15,99.99,
1,2022,4,30,21,17,10,0,16.44,19.50,47.60780,-122.54076,0.03,282.15,99.99,
1,2022,4,30,21,17,12,0,16.44,19.56,47.60780,-122.54076,0.03,282.15,99.99,
1,2022,4,30,21,17,14,0,16.44,19.56,47.60780,-122.54076,0.03,282.15,99.99,
1,2022,4,30,21,17,16,0,16.44,19.56,47.60780,-122.54076,0.03,282.15,99.99,
1,2022,4,30,21,17,18,0,16.50,19.56,47.60780,-122.54076,0.03,282.15,99.99,
1,2022,4,30,21,17,20,0,16.44,19.56,47.60780,-122.54076,0.03,282.15,99.99,
1,2022,4,30,21,17,22,0,16.50,19.63,47.60780,-122.54076,0.03,282.15,99.99,
1,2022,4,30,21,17,24,0,16.44,19.56,47.60780,-122.54076,0.03,282.15,99.99,
1,2022,4,30,21,17,26,0,16.56,19.56,47.60780,-122.54076,0.03,282.15,99.99,
1,2022,4,30,21,17,28,0,16.50,19.63,47.60780,-122.54076,0.03,282.15,99.99,
1,2022,4,30,21,17,30,0,16.50,19.56,47.60780,-122.54076,0.03,282.15,99.99,
1,2022,4,30,21,17,32,0,16.50,19.56,47.60780,-122.54076,0.03,282.15,99.99,
1,2022,4,30,21,17,34,0,16.50,19.50,47.60780,-122.54076,0.03,282.15,99.99,
1,2022,4,30,21,17,36,0,16.44,19.50,47.60780,-122.54076,0.03,282.15,99.99,
1,2022,4,30,21,17,38,0,16.44,19.50,47.60780,-122.54076,0.03,282.15,99.99,
1,2022,4,30,21,17,40,0,16.44,19.44,47.60780,-122.54076,0.03,282.15,99.99,
1,2022,4,30,21,17,42,0,16.38,19.44,47.60780,-122.54076,0.03,282.15,99.99,
1,2022,4,30,21,17,44,0,16.44,19.44,47.60780,-122.54076,0.03,282.15,99.99,
1,2022,4,30,21,17,46,0,16.44,19.38,47.60780,-122.54076,0.03,282.15,99.99,
1,2022,4,30,21,17,48,0,16.44,19.38,47.60780,-122.54076,0.03,282.15,99.99,
1,2022,4,30,21,17,50,0,16.44,19.38,47.60780,-122.54076,0.03,282.15,99.99,
1,2022,4,30,21,17,52,0,16.50,19.38,47.60780,-122.54076,0.03,282.15,99.99,
1,2022,4,30,21,17,54,0,16.44,19.38,47.60780,-122.54076,0.03,282.15,99.99,
1,2022,4,30,21,17,56,0,16.38,19.38,47.60780,-122.54076,0.03,282.15,99.99,
1,2022,4,30,21,17,58,0,16.38,19.31,47.60780,-122.54076,0.03,282.15,99.99,
1,2022,4,30,21,18,0,0,16.38,19.38,47.60780,-122.54076,0.03,282.15,99.99,
1,2022,4,30,21,18,2,0,16.38,19.38,47.60780,-122.54076,0.03,282.15,99.99,
1,2022,4,30,21,18,4,0,16.31,19.44,47.60780,-122.54076,0.03,282.15,99.99,
1,2022,4,30,21,18,6,0,16.38,19.38,47.60780,-122.54076,0.03,282.15,99.99,
1,2022,4,30,21,18,8,0,16.38,19.38,47.60780,-122.54076,0.03,282.15,99.99,
1,2022,4,30,21,18,10,0,16.38,19.38,47.60780,-122.54076,0.03,282.15,99.99,
1,2022,4,30,21,18,12,0,16.38,19.38,47.60780,-122.54076,0.03,282.15,99.99,
1,2022,4,30,21,18,14,0,16.38,19.38,47.60780,-122.54076,0.03,282.15,99.99,
1,2022,4,30,21,18,16,0,16.38,19.44,47.60780,-122.54076,0.03,282.15,99.99,
1,2022,4,30,21,18,18,0,16.38,19.38,47.60780,-122.54076,0.03,282.15,99.99,
1,2022,4,30,21,18,20,0,16.31,19.38,47.60780,-122.54076,0.03,282.15,99.99,
1,2022,4,30,21,18,22,0,16.38,19.38,47.60780,-122.54076,0.03,282.15,99.99,
1,2022,4,30,21,18,24,0,16.38,19.44,47.60780,-122.54076,0.03,282.15,99.99,
1,2022,4,30,21,18,26,0,16.38,19.38,47.60780,-122.54076,0.03,282.15,99.99,
1,2022,4,30,21,18,28,0,16.38,19.38,47.60780,-122.54076,0.03,282.15,99.99,
1,2022,4,30,21,18,30,0,16.38,19.38,47.60780,-122.54076,0.03,282.15,99.99,
1,2022,4,30,21,18,32,0,16.38,19.38,47.60780,-122.54076,0.03,282.15,99.99,
1,2022,4,30,21,18,34,0,16.31,19.38,47.60780,-122.54076,0.03,282.15,99.99,
1,2022,4,30,21,18,36,0,16.38,19.31,47.60780,-122.54076,0.03,282.15,99.99,
1,2022,4,30,21,18,38,0,16.31,19.38,47.60780,-122.54076,0.03,282.15,99.99,
1,2022,4,30,21,18,40,0,16.31,19.31,47.60780,-122.54076,0.03,282.15,99.99,
1,2022,4,30,21,18,42,0,16.25,19.31,47.60780,-122.54076,0.03,282.15,99.99,
1,2022,4,30,21,18,44,0,16.25,19.31,47.60780,-122.54076,0.03,282.15,99.99,
1,2022,4,30,21,18,46,0,16.25,19.31,47.60780,-122.54076,0.03,282.15,99.99,
1,2022,4,30,21,18,48,0,16.19,19.31,47.60780,-122.54076,0.03,282.15,99.99,
1,2022,4,30,21,18,50,0,16.25,19.31,47.60780,-122.54076,0.03,282.15,99.99,
1,2022,4,30,21,18,52,0,16.25,19.31,47.60780,-122.54076,0.03,282.15,99.99,
1,2022,4,30,21,18,54,0,16.25,19.31,47.60780,-122.54076,0.03,282.15,99.99,
1,2022,4,30,21,18,56,0,16.19,19.31,47.60780,-122.54076,0.03,282.15,99.99,
1,2022,4,30,21,18,58,0,16.13,19.25,47.60780,-122.54076,0.03,282.15,99.99,
1,2022,4,30,21,19,0,0,16.13,19.25,47.60780,-122.54076,0.03,282.15,99.99,
1,2022,4,30,21,19,2,0,16.19,19.25,47.60780,-122.54076,0.03,282.15,99.99,
1,2022,4,30,21,19,4,0,16.13,19.25,47.60780,-122.54076,0.03,282.15,99.99,
1,2022,4,30,21,19,6,0,16.13,19.25,47.60780,-122.54076,0.03,282.15,99.99,
1,2022,4,30,21,19,8,0,16.13,19.25,47.60780,-122.54076,0.03,282.15,99.99,
1,2022,4,30,21,19,10,0,16.13,19.31,47.60780,-122.54076,0.03,282.15,99.99,
1,2022,4,30,21,19,12,0,16.13,19.25,47.60780,-122.54076,0.03,282.15,99.99,
1,2022,4,30,21,19,14,0,16.13,19.25,47.60780,-122.54076,0.03,282.15,99.99,
1,2022,4,30,21,19,16,0,16.13,19.25,47.60780,-122.54076,0.03,282.15,99.99,
1,2022,4,30,21,19,18,0,16.13,19.25,47.60780,-122.54076,0.03,282.15,99.99,
1,2022,4,30,21,19,20,0,16.13,19.25,47.60780,-122.54076,0.03,282.15,99.99,
1,2022,4,30,21,19,22,0,16.13,19.25,47.60780,-122.54076,0.03,282.15,99.99,
1,2022,4,30,21,19,24,0,16.19,19.19,47.60780,-122.54076,0.03,282.15,99.99,
1,2022,4,30,21,19,26,0,16.13,19.25,47.60780,-122.54076,0.03,282.15,99.99,
1,2022,4,30,21,19,28,0,16.06,19.19,47.60780,-122.54076,0.03,282.15,99.99,
1,2022,4,30,21,19,30,0,16.06,19.19,47.60780,-122.54076,0.03,282.15,99.99,
1,2022,4,30,21,19,32,0,16.06,19.19,47.60780,-122.54076,0.03,282.15,99.99,
1,2022,4,30,21,19,34,0,16.06,19.19,47.60780,-122.54076,0.03,282.15,99.99,
1,2022,4,30,21,19,36,0,16.06,19.19,47.60780,-122.54076,0.03,282.15,99.99,
1,2022,4,30,21,19,38,0,16.06,19.13,47.60780,-122.54076,0.03,282.15,99.99,
1,2022,4,30,21,19,40,0,16.13,19.13,47.60780,-122.54076,0.03,282.15,99.99,
1,2022,4,30,21,19,42,0,16.06,19.19,47.60780,-122.54076,0.03,282.15,99.99,
1,2022,4,30,21,19,44,0,16.06,19.13,47.60780,-122.54076,0.03,282.15,99.99,
1,2022,4,30,21,19,46,0,16.06,19.13,47.60780,-122.54076,0.03,282.15,99.99,
1,2022,4,30,21,19,48,0,16.00,19.19,47.60780,-122.54076,0.03,282.15,99.99,
1,2022,4,30,21,19,50,0,16.00,19.13,47.60780,-122.54076,0.03,282.15,99.99,
1,2022,4,30,21,19,52,0,16.00,19.19,47.60780,-122.54076,0.03,282.15,99.99,
1,2022,4,30,21,19,54,0,16.00,19.13,47.60780,-122.54076,0.03,282.15,99.99,
1,2022,4,30,21,19,56,0,15.94,19.13,47.60780,-122.54076,0.03,282.15,99.99,
1,2022,4,30,21,19,58,0,16.00,19.13,47.60780,-122.54076,0.03,282.15,99.99,
1,2022,4,30,21,20,0,0,16.00,19.13,47.60780,-122.54076,0.03,282.15,99.99,
1,2022,4,30,21,20,2,0,16.06,19.13,47.60780,-122.54076,0.03,282.15,99.99,
1,2022,4,30,21,20,4,0,16.06,19.13,47.60780,-122.54076,0.03,282.15,99.99,
1,2022,4,30,21,20,6,0,16.06,19.06,47.60780,-122.54076,0.03,282.15,99.99,
1,2022,4,30,21,20,8,0,16.06,19.13,47.60780,-122.54076,0.03,282.15,99.99,
1,2022,4,30,21,20,10,0,16.06,19.13,47.60780,-122.54076,0.03,282.15,99.99,
1,2022,4,30,21,20,12,0,16.06,19.13,47.60780,-122.54076,0.03,282.15,99.99,
1,2022,4,30,21,20,14,0,16.13,19.13,47.60780,-122.54076,0.03,282.15,99.99,
1,2022,4,30,21,20,16,0,16.06,19.13,47.60780,-122.54076,0.03,282.15,99.99,
1,2022,4,30,21,20,18,0,16.13,19.13,47.60780,-122.54076,0.03,282.15,99.99,
1,2022,4,30,21,20,20,0,16.13,19.13,47.60780,-122.54076,0.03,282.15,99.99,
1,2022,4,30,21,20,22,0,16.19,19.13,47.60780,-122.54076,0.03,282.15,99.99,
1,2022,4,30,21,20,24,0,16.19,19.13,47.60780,-122.54076,0.03,282.15,99.99,
1,2022,4,30,21,20,26,0,16.19,19.13,47.60780,-122.54076,0.03,282.15,99.99,
1,2022,4,30,21,20,28,0,16.19,19.19,47.60780,-122.54076,0.03,282.15,99.99,
1,2022,4,30,21,20,30,0,16.19,19.19,47.60780,-122.54076,0.03,282.15,99.99,
1,2022,4,30,21,20,32,0,16.19,19.13,47.60780,-122.54076,0.03,282.15,99.99,
1,2022,4,30,21,20,34,0,16.19,19.19,47.60780,-122.54076,0.03,282.15,99.99,
1,2022,4,30,21,20,36,0,16.19,19.19,47.60780,-122.54076,0.03,282.15,99.99,
1,2022,4,30,21,20,38,0,16.19,19.19,47.60780,-122.54076,0.03,282.15,99.99,
1,2022,4,30,21,20,40,0,16.19,19.19,47.60780,-122.54076,0.03,282.15,99.99,
1,2022,4,30,21,20,42,0,16.19,19.19,47.60780,-122.54076,0.03,282.15,99.99,
1,2022,4,30,21,20,44,0,16.25,19.25,47.60780,-122.54076,0.03,282.15,99.99,
1,2022,4,30,21,20,46,0,16.31,19.25,47.60780,-122.54076,0.03,282.15,99.99,
1,2022,4,30,21,20,48,0,16.31,19.25,47.60780,-122.54076,0.03,282.15,99.99,
1,2022,4,30,21,20,50,0,16.31,19.25,47.60780,-122.54076,0.03,282.15,99.99,
1,2022,4,30,21,20,52,0,16.31,19.19,47.60780,-122.54076,0.03,282.15,99.99,
1,2022,4,30,21,20,54,0,16.38,19.25,47.60780,-122.54076,0.03,282.15,99.99,
1,2022,4,30,21,20,56,0,16.38,19.25,47.60780,-122.54076,0.03,282.15,99.99,
1,2022,4,30,21,20,58,0,16.31,19.19,47.60780,-122.54076,0.03,282.15,99.99,
1,2022,4,30,21,21,0,0,16.38,19.25,47.60780,-122.54076,0.03,282.15,99.99,
1,2022,4,30,21,21,2,0,16.31,19.31,47.60780,-122.54076,0.03,282.15,99.99,
1,2022,4,30,21,21,4,0,16.38,19.25,47.60780,-122.54076,0.03,282.15,99.99,
1,2022,4,30,21,21,6,0,16.44,19.25,47.60780,-122.54076,0.03,282.15,99.99,
1,2022,4,30,21,21,8,0,16.44,19.31,47.60780,-122.54076,0.03,282.15,99.99,
1,2022,4,30,21,21,10,0,16.50,19.31,47.60780,-122.54076,0.03,282.15,99.99,
1,2022,4,30,21,21,12,0,16.44,19.31,47.60780,-122.54076,0.03,282.15,99.99,
1,2022,4,30,21,21,14,0,16.44,19.31,47.60780,-122.54076,0.03,282.15,99.99,
1,2022,4,30,21,21,16,0,16.44,19.31,47.60780,-122.54076,0.03,282.15,99.99,
1,2022,4,30,21,21,18,0,16.50,19.31,47.60780,-122.54076,0.03,282.15,99.99,
1,2022,4,30,21,21,20,0,16.44,19.31,47.60780,-122.54076,0.03,282.15,99.99,
1,2022,4,30,21,21,22,0,16.44,19.31,47.60780,-122.54076,0.03,282.15,99.99,
1,2022,4,30,21,21,24,0,16.44,19.25,47.60780,-122.54076,0.03,282.15,99.99,
1,2022,4,30,21,21,26,0,16.50,19.25,47.60780,-122.54076,0.03,282.15,99.99,
1,2022,4,30,21,21,28,0,16.50,19.25,47.60780,-122.54076,0.03,282.15,99.99,
1,2022,4,30,21,21,30,0,16.44,19.25,47.60780,-122.54076,0.03,282.15,99.99,
1,2022,4,30,21,21,32,0,16.44,19.25,47.60780,-122.54076,0.03,282.15,99.99,
1,2022,4,30,21,21,34,0,16.44,19.25,47.60780,-122.54076,0.03,282.15,99.99,
1,2022,4,30,21,21,36,0,16.50,19.25,47.60780,-122.54076,0.03,282.15,99.99,
1,2022,4,30,21,21,38,0,16.50,19.31,47.60780,-122.54076,0.03,282.15,99.99,
1,2022,4,30,21,21,40,0,16.50,19.25,47.60780,-122.54076,0.03,282.15,99.99,
1,2022,4,30,21,21,42,0,16.56,19.25,47.60780,-122.54076,0.03,282.15,99.99,
1,2022,4,30,21,21,44,0,16.50,19.31,47.60780,-122.54076,0.03,282.15,99.99,
1,2022,4,30,21,21,46,0,16.50,19.25,47.60780,-122.54076,0.03,282.15,99.99,
1,2022,4,30,21,21,48,0,16.50,19.31,47.60780,-122.54076,0.03,282.15,99.99,
1,2022,4,30,21,21,50,0,16.50,19.25,47.60780,-122.54076,0.03,282.15,99.99,
1,2022,4,30,21,21,52,0,16.50,19.31,47.60780,-122.54076,0.03,282.15,99.99,
1,2022,4,30,21,21,54,0,16.50,19.31,47.60780,-122.54076,0.03,282.15,99.99,
1,2022,4,30,21,21,56,0,16.50,19.31,47.60780,-122.54076,0.03,282.15,99.99,
1,2022,4,30,21,21,58,0,16.50,19.31,47.60780,-122.54076,0.03,282.15,99.99,
1,2022,4,30,21,22,0,0,16.44,19.31,47.60780,-122.54076,0.03,282.15,99.99,
1,2022,4,30,21,22,2,0,16.44,19.38,47.60780,-122.54076,0.03,282.15,99.99,
1,2022,4,30,21,22,4,0,16.44,19.31,47.60780,-122.54076,0.03,282.15,99.99,
1,2022,4,30,21,22,6,0,16.44,19.38,47.60780,-122.54076,0.03,282.15,99.99,
1,2022,4,30,21,22,8,0,16.38,19.44,47.60780,-122.54076,0.03,282.15,99.99,
1,2022,4,30,21,22,10,0,16.38,19.38,47.60780,-122.54076,0.03,282.15,99.99,
1,2022,4,30,21,22,12,0,16.38,19.44,47.60780,-122.54076,0.03,282.15,99.99,
1,2022,4,30,21,22,14,0,16.38,19.38,47.60780,-122.54076,0.03,282.15,99.99,
1,2022,4,30,21,22,16,0,16.38,19.44,47.60780,-122.54076,0.03,282.15,99.99,
1,2022,4,30,21,22,18,0,16.31,19.44,47.60780,-122.54076,0.03,282.15,99.99,
1,2022,4,30,21,22,20,0,16.25,19.44,47.60780,-122.54076,0.03,282.15,99.99,
1,2022,4,30,21,22,22,0,16.25,19.44,47.60780,-122.54076,0.03,282.15,99.99,
1,2022,4,30,21,22,24,0,16.25,19.38,47.60780,-122.54076,0.03,282.15,99.99,
1,2022,4,30,21,22,26,0,16.25,19.38,47.60780,-122.54076,0.03,282.15,99.99,
1,2022,4,30,21,22,28,0,16.19,19.38,47.60780,-122.54076,0.03,282.15,99.99,
1,2022,4,30,21,22,30,0,16.19,19.31,47.60780,-122.54076,0.03,282.15,99.99,
1,2022,4,30,21,22,32,0,16.19,19.31,47.60780,-122.54076,0.03,282.15,99.99,
1,2022,4,30,21,22,34,0,16.13,19.31,47.60780,-122.54076,0.03,282.15,99.99,
1,2022,4,30,21,22,36,0,16.13,19.31,47.60780,-122.54076,0.03,282.15,99.99,
1,2022,4,30,21,22,38,0,16.19,19.31,47.60780,-122.54076,0.03,282.15,99.99,
1,2022,4,30,21,22,40,0,16.19,19.31,47.60780,-122.54076,0.03,282.15,99.99,
1,2022,4,30,21,22,41,0,16.19,19.31,47.60780,-122.54076,0.03,282.15,99.99,
1,2022,4,30,21,22,43,0,16.25,19.31,47.60780,-122.54076,0.03,282.15,99.99,
1,2022,4,30,21,22,45,0,16.25,19.31,47.60780,-122.54076,0.03,282.15,99.99,
1,2022,4,30,21,22,47,0,16.25,19.31,47.60780,-122.54076,0.03,282.15,99.99,
1,2022,4,30,21,22,49,0,16.25,19.31,47.60780,-122.54076,0.03,282.15,99.99,
1,2022,4,30,21,22,51,0,16.25,19.31,47.60780,-122.54076,0.03,282.15,99.99,
1,2022,4,30,21,22,53,0,16.31,19.25,47.60780,-122.54076,0.03,282.15,99.99,
1,2022,4,30,21,22,55,0,16.25,19.31,47.60780,-122.54076,0.03,282.15,99.99,
1,2022,4,30,21,22,57,0,16.25,19.31,47.60780,-122.54076,0.03,282.15,99.99,
1,2022,4,30,21,22,59,0,16.25,19.25,47.60780,-122.54076,0.03,282.15,99.99,
1,2022,4,30,21,23,1,0,16.25,19.31,47.60780,-122.54076,0.03,282.15,99.99,
1,2022,4,30,21,23,3,0,16.25,19.25,47.60780,-122.54076,0.03,282.15,99.99,
1,2022,4,30,21,23,5,0,16.25,19.31,47.60780,-122.54076,0.03,282.15,99.99,
1,2022,4,30,21,23,7,0,16.25,19.31,47.60780,-122.54076,0.03,282.15,99.99,
1,2022,4,30,21,23,9,0,16.25,19.31,47.60780,-122.54076,0.03,282.15,99.99,
1,2022,4,30,21,23,11,0,16.25,19.31,47.60780,-122.54076,0.03,282.15,99.99,
1,2022,4,30,21,23,13,0,16.25,19.31,47.60780,-122.54076,0.03,282.15,99.99,
1,2022,4,30,21,23,15,0,16.19,19.31,47.60780,-122.54076,0.03,282.15,99.99,
1,2022,4,30,21,23,17,0,16.25,19.31,47.60780,-122.54076,0.03,282.15,99.99,
1,2022,4,30,21,23,19,0,16.25,19.31,47.60780,-122.54076,0.03,282.15,99.99,
1,2022,4,30,21,23,21,0,16.25,19.38,47.60780,-122.54076,0.03,282.15,99.99,
1,2022,4,30,21,23,23,0,16.31,19.38,47.60780,-122.54076,0.03,282.15,99.99,
1,2022,4,30,21,23,25,0,16.25,19.31,47.60780,-122.54076,0.03,282.15,99.99,
1,2022,4,30,21,23,27,0,16.25,19.38,47.60780,-122.54076,0.03,282.15,99.99,
1,2022,4,30,21,23,29,0,16.25,19.44,47.60780,-122.54076,0.03,282.15,99.99,
1,2022,4,30,21,23,31,0,16.19,19.38,47.60780,-122.54076,0.03,282.15,99.99,
1,2022,4,30,21,23,33,0,16.19,19.44,47.60780,-122.54076,0.03,282.15,99.99,
1,2022,4,30,21,23,35,0,16.25,19.44,47.60780,-122.54076,0.03,282.15,99.99,
1,2022,4,30,21,23,37,0,16.25,19.50,47.60780,-122.54076,0.03,282.15,99.99,
1,2022,4,30,21,23,39,0,16.31,19.50,47.60780,-122.54076,0.03,282.15,99.99,
1,2022,4,30,21,23,41,0,16.25,19.50,47.60780,-122.54076,0.03,282.15,99.99,
1,2022,4,30,21,23,43,0,16.25,19.50,47.60780,-122.54076,0.03,282.15,99.99,
1,2022,4,30,21,23,45,0,16.31,19.56,47.60780,-122.54076,0.03,282.15,99.99,
1,2022,4,30,21,23,47,0,16.25,19.50,47.60780,-122.54076,0.03,282.15,99.99,
1,2022,4,30,21,23,49,0,16.25,19.56,47.60780,-122.54076,0.03,282.15,99.99,
1,2022,4,30,21,23,51,0,16.31,19.56,47.60780,-122.54076,0.03,282.15,99.99,
1,2022,4,30,21,23,53,0,16.31,19.56,47.60780,-122.54076,0.03,282.15,99.99,
1,2022,4,30,21,23,55,0,16.25,19.63,47.60780,-122.54076,0.03,282.15,99.99,
1,2022,4,30,21,23,57,0,16.25,19.56,47.60780,-122.54076,0.03,282.15,99.99,
1,2022,4,30,21,23,59,0,16.25,19.56,47.60780,-122.54076,0.03,282.15,99.99,
1,2022,4,30,21,24,1,0,16.25,19.63,47.60780,-122.54076,0.03,282.15,99.99,
1,2022,4,30,21,24,3,0,16.31,19.63,47.60780,-122.54076,0.03,282.15,99.99,
1,2022,4,30,21,24,5,0,16.31,19.69,47.60780,-122.54076,0.03,282.15,99.99,
1,2022,4,30,21,24,7,0,16.31,19.63,47.60780,-122.54076,0.03,282.15,99.99,
1,2022,4,30,21,24,9,0,16.38,19.69,47.60780,-122.54076,0.03,282.15,99.99,
1,2022,4,30,21,24,11,0,16.38,19.69,47.60780,-122.54076,0.03,282.15,99.99,
1,2022,4,30,21,24,13,0,16.44,19.69,47.60780,-122.54076,0.03,282.15,99.99,
1,2022,4,30,21,24,15,0,16.44,19.75,47.60780,-122.54076,0.03,282.15,99.99,
1,2022,4,30,21,24,17,0,16.44,19.75,47.60780,-122.54076,0.03,282.15,99.99,
1,2022,4,30,21,24,19,0,16.44,19.75,47.60780,-122.54076,0.03,282.15,99.99,
1,2022,4,30,21,24,21,0,16.50,19.75,47.60780,-122.54076,0.03,282.15,99.99,
1,2022,4,30,21,24,23,0,16.50,19.75,47.60780,-122.54076,0.03,282.15,99.99,
1,2022,4,30,21,24,25,0,16.50,19.75,47.60780,-122.54076,0.03,282.15,99.99,
1,2022,4,30,21,24,27,0,16.50,19.75,47.60780,-122.54076,0.03,282.15,99.99,
1,2022,4,30,21,24,29,0,16.50,19.75,47.60780,-122.54076,0.03,282.15,99.99,
1,2022,4,30,21,24,31,0,16.50,19.75,47.60780,-122.54076,0.03,282.15,99.99,
1,2022,4,30,21,24,33,0,16.50,19.75,47.60780,-122.54076,0.03,282.15,99.99,
1,2022,4,30,21,24,35,0,16.56,19.75,47.60780,-122.54076,0.03,282.15,99.99,
1,2022,4,30,21,24,37,0,16.56,19.75,47.60780,-122.54076,0.03,282.15,99.99,
1,2022,4,30,21,24,39,0,16.56,19.81,47.60780,-122.54076,0.03,282.15,99.99,
1,2022,4,30,21,24,41,0,16.56,19.75,47.60780,-122.54076,0.03,282.15,99.99,
1,2022,4,30,21,24,43,0,16.56,19.81,47.60780,-122.54076,0.03,282.15,99.99,
1,2022,4,30,21,24,44,0,16.63,19.75,47.60780,-122.54076,0.03,282.15,99.99,
1,2022,4,30,21,24,46,0,16.63,19.75,47.60780,-122.54076,0.03,282.15,99.99,
1,2022,4,30,21,24,48,0,16.63,19.75,47.60780,-122.54076,0.03,282.15,99.99,
1,2022,4,30,21,24,50,0,16.63,19.81,47.60780,-122.54076,0.03,282.15,99.99,
1,2022,4,30,21,24,52,0,16.63,19.75,47.60780,-122.54076,0.03,282.15,99.99,
1,2022,4,30,21,24,54,0,16.63,19.75,47.60780,-122.54076,0.03,282.15,99.99,
1,2022,4,30,21,24,55,0,16.63,19.81,47.60780,-122.54076,0.03,282.15,99.99,
1,2022,4,30,21,24,57,0,16.69,19.81,47.60780,-122.54076,0.03,282.15,99.99,
1,2022,4,30,21,24,59,0,16.63,19.81,47.60780,-122.54076,0.03,282.15,99.99,
1,2022,4,30,21,25,1,0,16.63,19.81,47.60780,-122.54076,0.03,282.15,99.99,
1,2022,4,30,21,25,3,0,16.63,19.88,47.60780,-122.54076,0.03,282.15,99.99,
1,2022,4,30,21,25,5,0,16.63,19.81,47.60780,-122.54076,0.03,282.15,99.99,
1,2022,4,30,21,25,7,0,16.56,19.88,47.60780,-122.54076,0.03,282.15,99.99,
1,2022,4,30,21,25,9,0,16.69,19.88,47.60780,-122.54076,0.03,282.15,99.99,
1,2022,4,30,21,25,10,0,16.63,19.88,47.60780,-122.54076,0.03,282.15,99.99,
1,2022,4,30,21,25,12,0,16.63,19.88,47.60780,-122.54076,0.03,282.15,99.99,
1,2022,4,30,21,25,14,0,16.63,19.88,47.60780,-122.54076,0.03,282.15,99.99,
1,2022,4,30,21,25,16,0,16.56,19.88,47.60780,-122.54076,0.03,282.15,99.99,
1,2022,4,30,21,25,18,0,16.63,19.94,47.60780,-122.54076,0.03,282.15,99.99,
1,2022,4,30,21,25,20,0,16.56,20.00,47.60780,-122.54076,0.03,282.15,99.99,
1,2022,4,30,21,25,22,0,16.63,20.00,47.60780,-122.54076,0.03,282.15,99.99,
1,2022,4,30,21,25,23,0,16.63,20.00,47.60780,-122.54076,0.03,282.15,99.99,
1,2022,4,30,21,25,25,0,16.56,20.00,47.60780,-122.54076,0.03,282.15,99.99,
1,2022,4,30,21,25,27,0,16.63,20.00,47.60780,-122.54076,0.03,282.15,99.99,
1,2022,4,30,21,25,29,0,16.63,20.00,47.60780,-122.54076,0.03,282.15,99.99,
1,2022,4,30,21,25,31,0,16.63,20.00,47.60780,-122.54076,0.03,282.15,99.99,
1,2022,4,30,21,25,33,0,16.63,20.06,47.60780,-122.54076,0.03,282.15,99.99,
1,2022,4,30,21,25,35,0,16.63,20.00,47.60780,-122.54076,0.03,282.15,99.99,
1,2022,4,30,21,25,37,0,16.63,20.06,47.60780,-122.54076,0.03,282.15,99.99,
1,2022,4,30,21,25,39,0,16.69,20.06,47.60780,-122.54076,0.03,282.15,99.99,
1,2022,4,30,21,25,41,0,16.75,20.13,47.60780,-122.54076,0.03,282.15,99.99,
1,2022,4,30,21,25,43,0,16.69,20.13,47.60780,-122.54076,0.03,282.15,99.99,
1,2022,4,30,21,25,45,0,16.75,20.13,47.60780,-122.54076,0.03,282.15,99.99,
1,2022,4,30,21,25,47,0,16.81,20.13,47.60780,-122.54076,0.03,282.15,99.99,
1,2022,4,30,21,25,49,0,16.75,20.19,47.60780,-122.54076,0.03,282.15,99.99,
1,2022,4,30,21,25,51,0,16.75,20.19,47.60780,-122.54076,0.03,282.15,99.99,
1,2022,4,30,21,25,53,0,16.75,20.19,47.60780,-122.54076,0.03,282.15,99.99,
1,2022,4,30,21,25,55,0,16.75,20.25,47.60780,-122.54076,0.03,282.15,99.99,
1,2022,4,30,21,25,57,0,16.75,20.19,47.60780,-122.54076,0.03,282.15,99.99,
1,2022,4,30,21,25,59,0,16.75,20.19,47.60780,-122.54076,0.03,282.15,99.99,
1,2022,4,30,21,26,1,0,16.69,20.19,47.60780,-122.54076,0.03,282.15,99.99,
1,2022,4,30,21,26,3,0,16.69,20.25,47.60780,-122.54076,0.03,282.15,99.99,
1,2022,4,30,21,26,5,0,16.75,20.25,47.60780,-122.54076,0.03,282.15,99.99,
1,2022,4,30,21,26,7,0,16.75,20.31,47.60780,-122.54076,0.03,282.15,99.99,
1,2022,4,30,21,26,9,0,16.75,20.25,47.60780,-122.54076,0.03,282.15,99.99,
1,2022,4,30,21,26,11,0,16.81,20.25,47.60780,-122.54076,0.03,282.15,99.99,
1,2022,4,30,21,26,12,0,16.75,20.25,47.60780,-122.54076,0.03,282.15,99.99,
1,2022,4,30,21,26,14,0,16.75,20.25,47.60780,-122.54076,0.03,282.15,99.99,
1,2022,4,30,21,26,16,0,16.81,20.31,47.60780,-122.54076,0.03,282.15,99.99,
1,2022,4,30,21,26,18,0,16.81,20.31,47.60780,-122.54076,0.03,282.15,99.99,
1,2022,4,30,21,26,20,0,16.81,20.31,47.60780,-122.54076,0.03,282.15,99.99,
1,2022,4,30,21,26,22,0,16.81,20.31,47.60780,-122.54076,0.03,282.15,99.99,
1,2022,4,30,21,26,23,0,16.88,20.31,47.60780,-122.54076,0.03,282.15,99.99,
1,2022,4,30,21,26,25,0,16.88,20.38,47.60780,-122.54076,0.03,282.15,99.99,
1,2022,4,30,21,26,27,0,16.88,20.31,47.60780,-122.54076,0.03,282.15,99.99,
1,2022,4,30,21,26,29,0,16.88,20.38,47.60780,-122.54076,0.03,282.15,99.99,
1,2022,4,30,21,26,31,0,16.88,20.38,47.60780,-122.54076,0.03,282.15,99.99,
1,2022,4,30,21,26,33,0,16.88,20.38,47.60780,-122.54076,0.03,282.15,99.99,
1,2022,4,30,21,26,34,0,16.94,20.38,47.60780,-122.54076,0.03,282.15,99.99,
1,2022,4,30,21,26,36,0,16.88,20.38,47.60780,-122.54076,0.03,282.15,99.99,
1,2022,4,30,21,26,38,0,16.88,20.38,47.60780,-122.54076,0.03,282.15,99.99,
1,2022,4,30,21,26,40,0,16.94,20.44,47.60780,-122.54076,0.03,282.15,99.99,
1,2022,4,30,21,26,42,0,16.94,20.44,47.60780,-122.54076,0.03,282.15,99.99,
1,2022,4,30,21,26,43,0,16.94,20.44,47.60780,-122.54076,0.03,282.15,99.99,
1,2022,4,30,21,26,45,0,16.94,20.38,47.60780,-122.54076,0.03,282.15,99.99,
1,2022,4,30,21,26,47,0,16.94,20.44,47.60780,-122.54076,0.03,282.15,99.99,
1,2022,4,30,21,26,49,0,16.94,20.44,47.60780,-122.54076,0.03,282.15,99.99,
1,2022,4,30,21,26,51,0,16.88,20.44,47.60780,-122.54076,0.03,282.15,99.99,
1,2022,4,30,21,26,53,0,16.94,20.44,47.60780,-122.54076,0.03,282.15,99.99,
1,2022,4,30,21,26,54,0,16.88,20.44,47.60780,-122.54076,0.03,282.15,99.99,
1,2022,4,30,21,26,56,0,16.81,20.50,47.60780,-122.54076,0.03,282.15,99.99,
1,2022,4,30,21,26,58,0,16.81,20.50,47.60780,-122.54076,0.03,282.15,99.99,
1,2022,4,30,21,27,0,0,16.75,20.44,47.60780,-122.54076,0.03,282.15,99.99,
1,2022,4,30,21,27,2,0,16.69,20.50,47.60780,-122.54076,0.03,282.15,99.99,
1,2022,4,30,21,27,4,0,16.69,20.50,47.60780,-122.54076,0.03,282.15,99.99,
1,2022,4,30,21,27,6,0,16.63,20.50,47.60780,-122.54076,0.03,282.15,99.99,
1,2022,4,30,21,27,8,0,16.63,20.50,47.60780,-122.54076,0.03,282.15,99.99,
1,2022,4,30,21,27,9,0,16.56,20.50,47.60780,-122.54076,0.03,282.15,99.99,
1,2022,4,30,21,27,11,0,16.50,20.44,47.60780,-122.54076,0.03,282.15,99.99,
1,2022,4,30,21,27,13,0,16.50,20.50,47.60780,-122.54076,0.03,282.15,99.99,
1,2022,4,30,21,27,15,0,16.50,20.50,47.60780,-122.54076,0.03,282.15,99.99,
1,2022,4,30,21,27,17,0,16.50,20.44,47.60780,-122.54076,0.03,282.15,99.99,
1,2022,4,30,21,27,19,0,16.56,20.44,47.60780,-122.54076,0.03,282.15,99.99,
1,2022,4,30,21,27,21,0,16.56,20.38,47.60780,-122.54076,0.03,282.15,99.99,
1,2022,4,30,21,27,23,0,16.50,20.38,47.60780,-122.54076,0.03,282.15,99.99,
1,2022,4,30,21,27,25,0,16.56,20.38,47.60780,-122.54076,0.03,282.15,99.99,
1,2022,4,30,21,27,26,0,16.56,20.38,47.60780,-122.54076,0.03,282.15,99.99,
1,2022,4,30,21,27,28,0,16.56,20.38,47.60780,-122.54076,0.03,282.15,99.99,
1,2022,4,30,21,27,30,0,16.56,20.38,47.60780,-122.54076,0.03,282.15,99.99,
1,2022,4,30,21,27,32,0,16.56,20.38,47.60780,-122.54076,0.03,282.15,99.99,
1,2022,4,30,21,27,34,0,16.56,20.38,47.60780,-122.54076,0.03,282.15,99.99,
1,2022,4,30,21,27,36,0,16.56,20.38,47.60780,-122.54076,0.03,282.15,99.99,
1,2022,4,30,21,27,38,0,16.56,20.38,47.60780,-122.54076,0.03,282.15,99.99,
1,2022,4,30,21,27,39,0,16.50,20.38,47.60780,-122.54076,0.03,282.15,99.99,
1,2022,4,30,21,27,41,0,16.50,20.38,47.60780,-122.54076,0.03,282.15,99.99,
1,2022,4,30,21,27,43,0,16.50,20.38,47.60780,-122.54076,0.03,282.15,99.99,
1,2022,4,30,21,27,44,0,16.50,20.38,47.60780,-122.54076,0.03,282.15,99.99,
1,2022,4,30,21,27,46,0,16.56,20.38,47.60780,-122.54076,0.03,282.15,99.99,
1,2022,4,30,21,27,48,0,16.50,20.38,47.60780,-122.54076,0.03,282.15,99.99,
1,2022,4,30,21,27,49,0,16.50,20.38,47.60780,-122.54076,0.03,282.15,99.99,
1,2022,4,30,21,27,51,0,16.56,20.44,47.60780,-122.54076,0.03,282.15,99.99,
1,2022,4,30,21,27,53,0,16.56,20.38,47.60780,-122.54076,0.03,282.15,99.99,
1,2022,4,30,21,27,55,0,16.63,20.38,47.60780,-122.54076,0.03,282.15,99.99,
1,2022,4,30,21,27,56,0,16.63,20.44,47.60780,-122.54076,0.03,282.15,99.99,
1,2022,4,30,21,27,58,0,16.56,20.38,47.60780,-122.54076,0.03,282.15,99.99,
1,2022,4,30,21,28,0,0,16.63,20.38,47.60780,-122.54076,0.03,282.15,99.99,
1,2022,4,30,21,28,2,0,16.63,20.38,47.60780,-122.54076,0.03,282.15,99.99,
1,2022,4,30,21,28,4,0,16.63,20.38,47.60780,-122.54076,0.03,282.15,99.99,
1,2022,4,30,21,28,6,0,16.63,20.38,47.60780,-122.54076,0.03,282.15,99.99,
1,2022,4,30,21,28,7,0,16.63,20.38,47.60780,-122.54076,0.03,282.15,99.99,
1,2022,4,30,21,28,9,0,16.69,20.38,47.60780,-122.54076,0.03,282.15,99.99,
1,2022,4,30,21,28,11,0,16.69,20.38,47.60780,-122.54076,0.03,282.15,99.99,
1,2022,4,30,21,28,13,0,16.69,20.38,47.60780,-122.54076,0.03,282.15,99.99,
1,2022,4,30,21,28,15,0,16.75,20.38,47.60780,-122.54076,0.03,282.15,99.99,
1,2022,4,30,21,28,17,0,16.75,20.38,47.60780,-122.54076,0.03,282.15,99.99,
1,2022,4,30,21,28,19,0,16.69,20.44,47.60780,-122.54076,0.03,282.15,99.99,
1,2022,4,30,21,28,21,0,16.75,20.44,47.60780,-122.54076,0.03,282.15,99.99,
1,2022,4,30,21,28,23,0,16.75,20.44,47.60780,-122.54076,0.03,282.15,99.99,
1,2022,4,30,21,28,24,0,16.75,20.44,47.60780,-122.54076,0.03,282.15,99.99,
1,2022,4,30,21,28,26,0,16.75,20.44,47.60780,-122.54076,0.03,282.15,99.99,
1,2022,4,30,21,28,28,0,16.69,20.44,47.60780,-122.54076,0.03,282.15,99.99,
1,2022,4,30,21,28,30,0,16.69,20.50,47.60780,-122.54076,0.03,282.15,99.99,
1,2022,4,30,21,28,32,0,16.69,20.44,47.60780,-122.54076,0.03,282.15,99.99,
1,2022,4,30,21,28,33,0,16.69,20.50,47.60780,-122.54076,0.03,282.15,99.99,
1,2022,4,30,21,28,35,0,16.69,20.44,47.60780,-122.54076,0.03,282.15,99.99,
1,2022,4,30,21,28,37,0,16.75,20.50,47.60780,-122.54076,0.03,282.15,99.99,
1,2022,4,30,21,28,39,0,16.75,20.56,47.60780,-122.54076,0.03,282.15,99.99,
1,2022,4,30,21,28,41,0,16.75,20.56,47.60780,-122.54076,0.03,282.15,99.99,
1,2022,4,30,21,28,43,0,16.75,20.56,47.60780,-122.54076,0.03,282.15,99.99,
1,2022,4,30,21,28,45,0,16.81,20.56,47.60780,-122.54076,0.03,282.15,99.99,
1,2022,4,30,21,28,47,0,16.81,20.56,47.60780,-122.54076,0.03,282.15,99.99,
1,2022,4,30,21,28,49,0,16.88,20.56,47.60780,-122.54076,0.03,282.15,99.99,
1,2022,4,30,21,28,51,0,16.94,20.56,47.60780,-122.54076,0.03,282.15,99.99,
1,2022,4,30,21,28,53,0,16.88,20.63,47.60780,-122.54076,0.03,282.15,99.99,
1,2022,4,30,21,28,55,0,16.94,20.63,47.60780,-122.54076,0.03,282.15,99.99,
1,2022,4,30,21,28,57,0,16.94,20.63,47.60780,-122.54076,0.03,282.15,99.99,
1,2022,4,30,21,28,59,0,16.94,20.63,47.60780,-122.54076,0.03,282.15,99.99,
1,2022,4,30,21,29,1,0,16.88,20.63,47.60780,-122.54076,0.03,282.15,99.99,
1,2022,4,30,21,29,3,0,16.94,20.69,47.60780,-122.54076,0.03,282.15,99.99,
1,2022,4,30,21,29,4,0,16.88,20.69,47.60780,-122.54076,0.03,282.15,99.99,
1,2022,4,30,21,29,6,0,16.94,20.63,47.60780,-122.54076,0.03,282.15,99.99,
1,2022,4,30,21,29,8,0,16.94,20.69,47.60780,-122.54076,0.03,282.15,99.99,
1,2022,4,30,21,29,10,0,16.94,20.69,47.60780,-122.54076,0.03,282.15,99.99,
1,2022,4,30,21,29,12,0,16.94,20.69,47.60780,-122.54076,0.03,282.15,99.99,
1,2022,4,30,21,29,14,0,16.94,20.75,47.60780,-122.54076,0.03,282.15,99.99,
1,2022,4,30,21,29,16,0,16.94,20.69,47.60780,-122.54076,0.03,282.15,99.99,
1,2022,4,30,21,29,17,0,16.94,20.69,47.60780,-122.54076,0.03,282.15,99.99,
1,2022,4,30,21,29,19,0,16.88,20.75,47.60780,-122.54076,0.03,282.15,99.99,
1,2022,4,30,21,29,21,0,16.94,20.75,47.60780,-122.54076,0.03,282.15,99.99,
1,2022,4,30,21,29,23,0,16.88,20.75,47.60780,-122.54076,0.03,282.15,99.99,
1,2022,4,30,21,29,25,0,16.94,20.81,47.60780,-122.54076,0.03,282.15,99.99,
1,2022,4,30,21,29,27,0,17.00,20.81,47.60780,-122.54076,0.03,282.15,99.99,
1,2022,4,30,21,29,28,0,17.00,20.81,47.60780,-122.54076,0.03,282.15,99.99,
1,2022,4,30,21,29,30,0,17.00,20.75,47.60780,-122.54076,0.03,282.15,99.99,
1,2022,4,30,21,29,32,0,17.00,20.81,47.60780,-122.54076,0.03,282.15,99.99,
1,2022,4,30,21,29,34,0,17.00,20.81,47.60780,-122.54076,0.03,282.15,99.99,
1,2022,4,30,21,29,36,0,16.94,20.81,47.60780,-122.54076,0.03,282.15,99.99,
1,2022,4,30,21,29,38,0,17.00,20.88,47.60780,-122.54076,0.03,282.15,99.99,
1,2022,4,30,21,29,39,0,17.06,20.88,47.60780,-122.54076,0.03,282.15,99.99,
1,2022,4,30,21,29,41,0,17.06,20.88,47.60780,-122.54076,0.03,282.15,99.99,
1,2022,4,30,21,29,43,0,17.13,20.88,47.60780,-122.54076,0.03,282.15,99.99,
1,2022,4,30,21,29,45,0,17.06,20.88,47.60780,-122.54076,0.03,282.15,99.99,
1,2022,4,30,21,29,47,0,17.13,20.88,47.60780,-122.54076,0.03,282.15,99.99,
1,2022,4,30,21,29,49,0,17.06,20.94,47.60780,-122.54076,0.03,282.15,99.99,
1,2022,4,30,21,29,50,0,17.06,20.94,47.60780,-122.54076,0.03,282.15,99.99,
1,2022,4,30,21,29,52,0,17.00,20.94,47.60780,-122.54076,0.03,282.15,99.99,
1,2022,4,30,21,29,54,0,17.06,20.94,47.60780,-122.54076,0.03,282.15,99.99,
1,2022,4,30,21,29,56,0,17.06,20.94,47.60780,-122.54076,0.03,282.15,99.99,
1,2022,4,30,21,29,58,0,17.06,21.00,47.60780,-122.54076,0.03,282.15,99.99,
1,2022,4,30,21,30,0,0,17.13,21.00,47.60780,-122.54076,0.03,282.15,99.99,
1,2022,4,30,21,30,1,0,17.13,20.94,47.60780,-122.54076,0.03,282.15,99.99,
1,2022,4,30,21,30,3,0,17.13,21.06,47.60780,-122.54076,0.03,282.15,99.99,
1,2022,4,30,21,30,5,0,17.06,21.00,47.60780,-122.54076,0.03,282.15,99.99,
1,2022,4,30,21,30,7,0,17.13,21.06,47.60780,-122.54076,0.03,282.15,99.99,
1,2022,4,30,21,30,9,0,17.06,21.00,47.60780,-122.54076,0.03,282.15,99.99,
1,2022,4,30,21,30,11,0,17.13,21.00,47.60780,-122.54076,0.03,282.15,99.99,
1,2022,4,30,21,30,13,0,17.13,21.06,47.60780,-122.54076,0.03,282.15,99.99,
1,2022,4,30,21,30,14,0,17.13,21.00,47.60780,-122.54076,0.03,282.15,99.99,
1,2022,4,30,21,30,16,0,17.13,21.06,47.60780,-122.54076,0.03,282.15,99.99,
1,2022,4,30,21,30,18,0,17.13,21.06,47.60780,-122.54076,0.03,282.15,99.99,
1,2022,4,30,21,30,20,0,17.19,21.06,47.60780,-122.54076,0.03,282.15,99.99,
1,2022,4,30,21,30,22,0,17.13,21.06,47.60780,-122.54076,0.03,282.15,99.99,
1,2022,4,30,21,30,24,0,17.13,21.06,47.60780,-122.54076,0.03,282.15,99.99,
1,2022,4,30,21,30,26,0,17.13,21.00,47.60780,-122.54076,0.03,282.15,99.99,
1,2022,4,30,21,30,28,0,17.19,21.00,47.60780,-122.54076,0.03,282.15,99.99,
1,2022,4,30,21,30,30,0,17.19,21.06,47.60780,-122.54076,0.03,282.15,99.99,
1,2022,4,30,21,30,32,0,17.19,21.00,47.60780,-122.54076,0.03,282.15,99.99,
1,2022,4,30,21,30,34,0,17.19,21.06,47.60780,-122.54076,0.03,282.15,99.99,
1,2022,4,30,21,30,36,0,17.13,21.00,47.60780,-122.54076,0.03,282.15,99.99,
1,2022,4,30,21,30,38,0,17.13,21.06,47.60780,-122.54076,0.03,282.15,99.99,
1,2022,4,30,21,30,40,0,17.13,21.00,47.60780,-122.54076,0.03,282.15,99.99,
1,2022,4,30,21,30,42,0,17.13,21.06,47.60780,-122.54076,0.03,282.15,99.99,
1,2022,4,30,21,30,44,0,17.13,21.00,47.60780,-122.54076,0.03,282.15,99.99,
1,2022,4,30,21,30,46,0,17.06,20.94,47.60780,-122.54076,0.03,282.15,99.99,
1,2022,4,30,21,30,48,0,17.13,21.00,47.60780,-122.54076,0.03,282.15,99.99,
1,2022,4,30,21,30,50,0,17.13,20.94,47.60780,-122.54076,0.03,282.15,99.99,
1,2022,4,30,21,30,52,0,17.19,20.94,47.60780,-122.54076,0.03,282.15,99.99,
1,2022,4,30,21,30,54,0,17.19,20.88,47.60780,-122.54076,0.03,282.15,99.99,
1,2022,4,30,21,30,56,0,17.19,20.88,47.60780,-122.54076,0.03,282.15,99.99,
1,2022,4,30,21,30,58,0,17.25,20.88,47.60780,-122.54076,0.03,282.15,99.99,
1,2022,4,30,21,31,0,0,17.25,20.88,47.60780,-122.54076,0.03,282.15,99.99,
1,2022,4,30,21,31,2,0,17.25,20.94,47.60780,-122.54076,0.03,282.15,99.99,
1,2022,4,30,21,31,4,0,17.25,20.94,47.60780,-122.54076,0.03,282.15,99.99,
1,2022,4,30,21,31,6,0,17.31,20.94,47.60780,-122.54076,0.03,282.15,99.99,
1,2022,4,30,21,31,8,0,17.31,20.94,47.60780,-122.54076,0.03,282.15,99.99,
1,2022,4,30,21,31,10,0,17.25,20.94,47.60780,-122.54076,0.03,282.15,99.99,
1,2022,4,30,21,31,12,0,17.25,20.94,47.60780,-122.54076,0.03,282.15,99.99,
1,2022,4,30,21,31,14,0,17.31,20.94,47.60780,-122.54076,0.03,282.15,99.99,
1,2022,4,30,21,31,16,0,17.31,20.94,47.60780,-122.54076,0.03,282.15,99.99,
1,2022,4,30,21,31,18,0,17.31,20.94,47.60780,-122.54076,0.03,282.15,99.99,
1,2022,4,30,21,31,20,0,17.31,20.94,47.60780,-122.54076,0.03,282.15,99.99,
1,2022,4,30,21,31,22,0,17.31,21.00,47.60780,-122.54076,0.03,282.15,99.99,
1,2022,4,30,21,31,24,0,17.31,21.00,47.60780,-122.54076,0.03,282.15,99.99,
1,2022,4,30,21,31,26,0,17.31,21.00,47.60780,-122.54076,0.03,282.15,99.99,
1,2022,4,30,21,31,28,0,17.38,21.00,47.60780,-122.54076,0.03,282.15,99.99,
1,2022,4,30,21,31,30,0,17.38,20.94,47.60780,-122.54076,0.03,282.15,99.99,
1,2022,4,30,21,31,32,0,17.31,21.00,47.60780,-122.54076,0.03,282.15,99.99,
1,2022,4,30,21,31,33,0,17.31,21.00,47.60780,-122.54076,0.03,282.15,99.99,
1,2022,4,30,21,31,35,0,17.38,21.00,47.60780,-122.54076,0.03,282.15,99.99,
1,2022,4,30,21,31,37,0,17.38,21.00,47.60780,-122.54076,0.03,282.15,99.99,
1,2022,4,30,21,31,39,0,17.38,21.06,47.60780,-122.54076,0.03,282.15,99.99,
1,2022,4,30,21,31,41,0,17.44,21.06,47.60780,-122.54076,0.03,282.15,99.99,
1,2022,4,30,21,31,43,0,17.44,21.00,47.60780,-122.54076,0.03,282.15,99.99,
1,2022,4,30,21,31,45,0,17.44,21.00,47.60780,-122.54076,0.03,282.15,99.99,
1,2022,4,30,21,31,47,0,17.44,21.06,47.60780,-122.54076,0.03,282.15,99.99,
1,2022,4,30,21,31,49,0,17.44,21.00,47.60780,-122.54076,0.03,282.15,99.99,
1,2022,4,30,21,31,51,0,17.44,21.06,47.60780,-122.54076,0.03,282.15,99.99,
1,2022,4,30,21,31,53,0,17.44,21.06,47.60780,-122.54076,0.03,282.15,99.99,
1,2022,4,30,21,31,55,0,17.44,21.06,47.60780,-122.54076,0.03,282.15,99.99,
1,2022,4,30,21,31,57,0,17.50,21.06,47.60780,-122.54076,0.03,282.15,99.99,
1,2022,4,30,21,31,59,0,17.50,21.13,47.60780,-122.54076,0.03,282.15,99.99,
1,2022,4,30,21,32,1,0,17.50,21.06,47.60780,-122.54076,0.03,282.15,99.99,
1,2022,4,30,21,32,3,0,17.50,21.06,47.60780,-122.54076,0.03,282.15,99.99,
1,2022,4,30,21,32,5,0,17.50,21.13,47.60780,-122.54076,0.03,282.15,99.99,
1,2022,4,30,21,32,7,0,17.50,21.13,47.60780,-122.54076,0.03,282.15,99.99,
1,2022,4,30,21,32,9,0,17.50,21.13,47.60780,-122.54076,0.03,282.15,99.99,
1,2022,4,30,21,32,11,0,17.50,21.13,47.60780,-122.54076,0.03,282.15,99.99,
1,2022,4,30,21,32,13,0,17.44,21.13,47.60780,-122.54076,0.03,282.15,99.99,
1,2022,4,30,21,32,15,0,17.44,21.13,47.60780,-122.54076,0.03,282.15,99.99,
1,2022,4,30,21,32,17,0,17.50,21.13,47.60780,-122.54076,0.03,282.15,99.99,
1,2022,4,30,21,32,19,0,17.44,21.06,47.60780,-122.54076,0.03,282.15,99.99,
1,2022,4,30,21,32,21,0,17.44,21.06,47.60780,-122.54076,0.03,282.15,99.99,
1,2022,4,30,21,32,23,0,17.31,21.06,47.60780,-122.54076,0.03,282.15,99.99,
1,2022,4,30,21,32,25,0,17.31,21.06,47.60780,-122.54076,0.03,282.15,99.99,
1,2022,4,30,21,32,27,0,17.25,21.06,47.60780,-122.54076,0.03,282.15,99.99,
1,2022,4,30,21,32,29,0,17.19,21.06,47.60780,-122.54076,0.03,282.15,99.99,
1,2022,4,30,21,32,31,0,17.19,21.00,47.60780,-122.54076,0.03,282.15,99.99,
1,2022,4,30,21,32,33,0,17.13,21.00,47.60780,-122.54076,0.03,282.15,99.99,
1,2022,4,30,21,32,35,0,17.06,21.00,47.60780,-122.54076,0.03,282.15,99.99,
1,2022,4,30,21,32,37,0,17.06,21.00,47.60780,-122.54076,0.03,282.15,99.99,
1,2022,4,30,21,32,39,0,17.00,21.00,47.60780,-122.54076,0.03,282.15,99.99,
1,2022,4,30,21,32,40,0,17.00,21.00,47.60780,-122.54076,0.03,282.15,99.99,
1,2022,4,30,21,32,42,0,17.00,21.00,47.60780,-122.54076,0.03,282.15,99.99,
1,2022,4,30,21,32,44,0,16.94,21.00,47.60780,-122.54076,0.03,282.15,99.99,
1,2022,4,30,21,32,46,0,16.94,21.00,47.60780,-122.54076,0.03,282.15,99.99,
1,2022,4,30,21,32,48,0,16.94,21.00,47.60780,-122.54076,0.03,282.15,99.99,
1,2022,4,30,21,32,50,0,16.88,21.00,47.60780,-122.54076,0.03,282.15,99.99,
1,2022,4,30,21,32,52,0,16.94,21.00,47.60780,-122.54076,0.03,282.15,99.99,
1,2022,4,30,21,32,54,0,16.88,21.00,47.60780,-122.54076,0.03,282.15,99.99,
1,2022,4,30,21,32,55,0,16.88,21.00,47.60780,-122.54076,0.03,282.15,99.99,
1,2022,4,30,21,32,57,0,16.88,21.00,47.60780,-122.54076,0.03,282.15,99.99,
1,2022,4,30,21,32,59,0,16.88,21.00,47.60780,-122.54076,0.03,282.15,99.99,
1,2022,4,30,21,33,1,0,16.81,20.94,47.60780,-122.54076,0.03,282.15,99.99,
1,2022,4,30,21,33,3,0,16.81,20.94,47.60780,-122.54076,0.03,282.15,99.99,
1,2022,4,30,21,33,5,0,16.81,20.94,47.60780,-122.54076,0.03,282.15,99.99,
1,2022,4,30,21,33,6,0,16.81,20.94,47.60780,-122.54076,0.03,282.15,99.99,
1,2022,4,30,21,33,8,0,16.81,20.94,47.60780,-122.54076,0.03,282.15,99.99,
1,2022,4,30,21,33,10,0,16.81,20.88,47.60780,-122.54076,0.03,282.15,99.99,
1,2022,4,30,21,33,12,0,16.81,20.88,47.60780,-122.54076,0.03,282.15,99.99,
1,2022,4,30,21,33,14,0,16.88,20.88,47.60780,-122.54076,0.03,282.15,99.99,
1,2022,4,30,21,33,16,0,16.81,20.88,47.60780,-122.54076,0.03,282.15,99.99,
1,2022,4,30,21,33,18,0,16.88,20.88,47.60780,-122.54076,0.03,282.15,99.99,
1,2022,4,30,21,33,19,0,16.81,20.88,47.60780,-122.54076,0.03,282.15,99.99,
1,2022,4,30,21,33,21,0,16.81,20.88,47.60780,-122.54076,0.03,282.15,99.99,
1,2022,4,30,21,33,23,0,16.81,20.88,47.60780,-122.54076,0.03,282.15,99.99,
1,2022,4,30,21,33,25,0,16.88,20.88,47.60780,-122.54076,0.03,282.15,99.99,
1,2022,4,30,21,33,27,0,16.81,20.81,47.60780,-122.54076,0.03,282.15,99.99,
1,2022,4,30,21,33,29,0,16.81,20.81,47.60780,-122.54076,0.03,282.15,99.99,
1,2022,4,30,21,33,31,0,16.81,20.81,47.60780,-122.54076,0.03,282.15,99.99,
1,2022,4,30,21,33,33,0,16.81,20.81,47.60780,-122.54076,0.03,282.15,99.99,
1,2022,4,30,21,33,35,0,16.81,20.81,47.60780,-122.54076,0.03,282.15,99.99,
1,2022,4,30,21,33,36,0,16.88,20.81,47.60780,-122.54076,0.03,282.15,99.99,
1,2022,4,30,21,33,38,0,16.88,20.81,47.60780,-122.54076,0.03,282.15,99.99,
1,2022,4,30,21,33,40,0,16.88,20.75,47.60780,-122.54076,0.03,282.15,99.99,
1,2022,4,30,21,33,42,0,16.81,20.81,47.60780,-122.54076,0.03,282.15,99.99,
1,2022,4,30,21,33,44,0,16.81,20.75,47.60780,-122.54076,0.03,282.15,99.99,
1,2022,4,30,21,33,46,0,16.81,20.75,47.60780,-122.54076,0.03,282.15,99.99,
1,2022,4,30,21,33,48,0,16.81,20.75,47.60780,-122.54076,0.03,282.15,99.99,
1,2022,4,30,21,33,50,0,16.88,20.75,47.60780,-122.54076,0.03,282.15,99.99,
1,2022,4,30,21,33,52,0,16.81,20.69,47.60780,-122.54076,0.03,282.15,99.99,
1,2022,4,30,21,33,54,0,16.88,20.63,47.60780,-122.54076,0.03,282.15,99.99,
1,2022,4,30,21,33,56,0,16.81,20.69,47.60780,-122.54076,0.03,282.15,99.99,
1,2022,4,30,21,33,58,0,16.88,20.63,47.60780,-122.54076,0.03,282.15,99.99,
1,2022,4,30,21,34,0,0,16.81,20.69,47.60780,-122.54076,0.03,282.15,99.99,
1,2022,4,30,21,34,1,0,16.88,20.69,47.60780,-122.54076,0.03,282.15,99.99,
1,2022,4,30,21,34,3,0,16.88,20.69,47.60780,-122.54076,0.03,282.15,99.99,
1,2022,4,30,21,34,5,0,16.88,20.69,47.60780,-122.54076,0.03,282.15,99.99,
1,2022,4,30,21,34,7,0,16.88,20.69,47.60780,-122.54076,0.03,282.15,99.99,
1,2022,4,30,21,34,9,0,16.88,20.69,47.60780,-122.54076,0.03,282.15,99.99,
1,2022,4,30,21,34,10,0,16.88,20.69,47.60780,-122.54076,0.03,282.15,99.99,
1,2022,4,30,21,34,12,0,16.94,20.63,47.60780,-122.54076,0.03,282.15,99.99,
1,2022,4,30,21,34,14,0,16.94,20.69,47.60780,-122.54076,0.03,282.15,99.99,
1,2022,4,30,21,34,16,0,16.94,20.63,47.60780,-122.54076,0.03,282.15,99.99,
1,2022,4,30,21,34,18,0,16.94,20.63,47.60780,-122.54076,0.03,282.15,99.99,
1,2022,4,30,21,34,19,0,16.94,20.63,47.60780,-122.54076,0.03,282.15,99.99,
1,2022,4,30,21,34,21,0,17.00,20.63,47.60780,-122.54076,0.03,282.15,99.99,
1,2022,4,30,21,34,23,0,17.00,20.69,47.60780,-122.54076,0.03,282.15,99.99,
1,2022,4,30,21,34,25,0,17.00,20.63,47.60780,-122.54076,0.03,282.15,99.99,
1,2022,4,30,21,34,27,0,17.00,20.63,47.60780,-122.54076,0.03,282.15,99.99,
1,2022,4,30,21,34,28,0,17.00,20.63,47.60780,-122.54076,0.03,282.15,99.99,
1,2022,4,30,21,34,30,0,17.00,20.63,47.60780,-122.54076,0.03,282.15,99.99,
1,2022,4,30,21,34,32,0,17.00,20.63,47.60780,-122.54076,0.03,282.15,99.99,
1,2022,4,30,21,34,34,0,17.00,20.63,47.60780,-122.54076,0.03,282.15,99.99,
1,2022,4,30,21,34,36,0,17.00,20.69,47.60780,-122.54076,0.03,282.15,99.99,
1,2022,4,30,21,34,38,0,17.00,20.69,47.60780,-122.54076,0.03,282.15,99.99,
1,2022,4,30,21,34,40,0,17.00,20.63,47.60780,-122.54076,0.03,282.15,99.99,
1,2022,4,30,21,34,42,0,16.94,20.69,47.60780,-122.54076,0.03,282.15,99.99,
1,2022,4,30,21,34,44,0,16.88,20.63,47.60780,-122.54076,0.03,282.15,99.99,
1,2022,4,30,21,34,46,0,16.88,20.63,47.60780,-122.54076,0.03,282.15,99.99,
1,2022,4,30,21,34,48,0,16.81,20.63,47.60780,-122.54076,0.03,282.15,99.99,
1,2022,4,30,21,34,50,0,16.81,20.63,47.60780,-122.54076,0.03,282.15,99.99,
1,2022,4,30,21,34,52,0,16.75,20.69,47.60780,-122.54076,0.03,282.15,99.99,
1,2022,4,30,21,34,54,0,16.75,20.63,47.60780,-122.54076,0.03,282.15,99.99,
1,2022,4,30,21,34,56,0,16.75,20.63,47.60780,-122.54076,0.03,282.15,99.99,
1,2022,4,30,21,34,58,0,16.69,20.63,47.60780,-122.54076,0.03,282.15,99.99,
1,2022,4,30,21,35,0,0,16.69,20.63,47.60780,-122.54076,0.03,282.15,99.99,
1,2022,4,30,21,35,2,0,16.69,20.63,47.60780,-122.54076,0.03,282.15,99.99,
